#ID,MAC,SSID,Frequency,Signal,Alt,Lon,Lat,Time
1,b2:6c:ac:9f:f1:c5,paysday,2,-82.0,32.104189038012045,35.209166242472186,718.0640349665068,2017-12-03 08:45:33
2,3c:52:82:ef:c4:3c,DIRECT-3B-HP DeskJet 3630 series,6,-61.0,32.10296307854524,35.20966159179388,701.5541042540443,2017-12-03 09:00:33
3,1c:b9:c4:16:e5:a8,Ariel_University,6,-76.0,32.103483375356575,35.209835025240906,699.5967379545643,2017-12-03 08:46:48
4,1c:b9:c4:16:12:e8,Ariel_University,1,-90.0,32.10358120061593,35.20879532777539,702.3207686528216,2017-12-03 08:45:42
5,ec:8c:a2:88:94:17,,44,-72.0,32.102870759011275,35.20876459357887,690.2253272679154,2017-12-03 08:46:06
6,06:ae:db:3a:64:05,BezeqFree,1,-84.0,32.102458386443125,35.20743113335047,694.8881937656644,2017-12-03 08:37:27
7,1c:b9:c4:16:ed:3c,Ariel_University,44,-71.0,32.102967844522254,35.20966257658926,701.5531820599184,2017-12-03 09:02:19
8,1c:b9:c4:14:36:fc,Ariel_University,36,-84.0,32.10423235881814,35.2111784466841,704.2993113818352,2017-12-03 08:42:38
9,d0:0f:6d:f1:35:2f,Sveta,4,-85.0,32.10251814263996,35.20734901460898,698.9056862429085,2017-12-03 08:37:15
10,ec:8c:a2:88:a9:27,,44,-81.0,32.10377986390148,35.207818162044134,690.4231966047739,2017-12-03 08:38:22
11,ec:8c:a2:08:a9:28,Ariel_University,11,-71.0,32.10343964525814,35.20780117095074,690.6640863513989,2017-12-03 08:37:58
12,1c:b9:c4:15:3a:3c,Ariel_University,44,-82.0,32.102049198139355,35.20957634222167,691.331833645041,2017-12-03 08:41:47
13,b2:6c:ac:a0:3d:eb,sinusafe,3,-72.0,32.103037182467155,35.20922200544526,689.9999999999999,2017-12-03 08:45:30
14,ec:8c:a2:08:a9:2c,Ariel_University,44,-81.0,32.104022465066386,35.20786579674153,690.1661107104795,2017-12-03 08:38:25
15,1c:b9:c4:16:04:7c,Ariel_University,60,-81.0,32.102387876164094,35.20903740018327,701.3708999391388,2017-12-03 08:46:15
16,14:ae:db:58:0d:6d,__ery,11,-91.0,32.10258798763252,35.20759021123835,693.1085203108703,2017-12-03 08:37:33
17,1c:b9:c4:16:ed:48,Ariel_University,6,-81.0,32.10381925496951,35.21037222280892,699.634126394052,2017-12-03 08:47:06
18,00:1a:dd:f4:fc:85,Afikim_Wifi,8,-78.0,32.106211489963755,35.21194838735254,689.2763252871639,2017-12-03 08:39:19
19,ec:8c:a2:08:94:18,Ariel_University,1,-60.0,32.103246905945305,35.208755557443524,692.0487514863258,2017-12-03 08:45:45
20,ec:8c:a2:08:a9:38,Ariel_University,6,-81.0,32.1027696878486,35.207536172161696,695.1730814282531,2017-12-03 08:37:13
21,f8:e7:1e:33:87:38,Police_Shomron ,1,-86.0,32.106211489963755,35.21194838735254,689.2763252871639,2017-12-03 08:39:19
22,00:1a:dd:f4:fc:84,,8,-77.0,32.106211489963755,35.21194838735254,689.2763252871639,2017-12-03 08:39:19
23,ec:8c:a2:88:a9:37,,36,-81.0,32.103254567862166,35.20776621667453,690.8153989055744,2017-12-03 08:37:55
24,a2:6c:ac:a0:60:4d,incentive2,1,-72.0,32.10460788229774,35.20973802125795,689.7647291040788,2017-12-03 08:45:13
25,1c:b9:c4:14:2b:c8,Ariel_University,6,-69.0,32.10506367294511,35.21102584699575,708.2947335777865,2017-12-03 08:44:55
26,b2:6c:ac:9f:fb:1f,iagree,1,-69.0,32.10461482776755,35.209739654174484,690.2103154026798,2017-12-03 08:40:58
27,ec:8c:a2:08:a9:3c,Ariel_University,36,-75.0,32.10294522725105,35.20767327460506,691.0835484362619,2017-12-03 08:37:39
28,1c:b9:c4:14:2f:68,Ariel_University,6,-67.0,32.10259840731249,35.208856153662325,701.3958004483445,2017-12-03 08:46:03
29,1c:b9:c4:16:05:7c,Ariel_University,36,-89.0,32.104874969898276,35.21066696129317,709.6455161399964,2017-12-03 08:42:59
30,1c:b9:c4:94:2b:d7,,36,-78.0,32.10220589,35.209548500000004,692.5,2017-12-03 08:51:01
31,00:1d:aa:81:d8:3c,KCG-ADSL,3,-64.0,32.102829709999995,35.20975063,703.0,2017-12-03 09:08:22
32,1c:b9:c4:95:43:e7,,36,-90.0,32.10199115789806,35.20958210879809,691.3292746776632,2017-12-03 08:41:50
33,a2:6c:ac:a0:60:55,incentive2,36,-82.0,32.104568792116325,35.20969930203204,704.3331469531615,2017-12-03 08:45:16
34,b2:6c:ac:9f:fb:27,iagree,36,-89.0,32.10489300606392,35.20928224839672,690.7435731036957,2017-12-03 08:38:52
35,ec:8c:a2:08:92:48,Ariel_University,6,-85.0,32.10461272357625,35.20792963641949,689.6670161410832,2017-12-03 08:38:25
36,1c:b9:c4:15:23:5c,Ariel_University,36,-91.0,32.104079300627305,35.20894493919268,693.2106002961864,2017-12-03 08:41:10
37,58:70:c6:fb:96:30,YICarCam_fb9630,5,-88.0,32.10473133,35.21000489,687.0,2017-12-03 08:49:58
38,1c:b9:c4:16:e5:ac,Ariel_University,36,-88.0,32.10360554777893,35.20981182556972,696.9845369879256,2017-12-03 08:42:17
39,ec:8c:a2:08:79:88,Ariel_University,1,-88.0,32.10493454942741,35.210993687799785,688.9904963388941,2017-12-03 08:45:01
40,1c:b9:c4:15:43:e8,Ariel_University,1,-75.0,32.10243978901894,35.20890832960873,689.8255693362793,2017-12-03 08:41:34
41,1c:b9:c4:14:2b:d8,Ariel_University,1,-63.0,32.10259996,35.20952533,697.0,2017-12-03 08:58:43
42,ec:8c:a2:08:92:4c,Ariel_University,36,-88.0,32.10461272357625,35.20792963641949,689.6670161410832,2017-12-03 08:38:25
43,c8:be:19:07:77:b9,Bezeq-N_0777b8,11,-88.0,32.10413712623305,35.21082446017363,704.7212452331758,2017-12-03 08:51:42
44,1c:b9:c4:94:2b:c7,,36,-80.0,32.10503628921239,35.21097419861293,704.1768446000658,2017-12-03 08:49:40
45,8c:0c:90:6f:36:58,,1,-74.0,32.10469340203842,35.20992463410953,706.1602376340919,2017-12-03 08:45:13
46,8c:0c:90:2f:36:58,Ariel_University,1,-71.0,32.1047516788576,35.20999987516892,703.7294822388864,2017-12-03 08:45:12
47,90:6c:ac:a0:3d:eb,Guest,3,-73.0,32.10324613675851,35.209444406402206,696.219319814052,2017-12-03 08:41:13
48,1c:b9:c4:15:1c:bc,Ariel_University,36,-90.0,32.103388164157224,35.209780212663475,713.0579802632583,2017-12-03 08:46:43
49,00:27:19:13:fc:a4,KCG_20,11,-85.0,32.105780737828404,35.21207285063565,690.385079719126,2017-12-03 08:39:25
50,24:79:2a:2b:02:78,Ariel_University,6,-80.0,32.10381301,35.21016707,708.0,2017-12-03 09:06:35
51,1c:b9:c4:94:2f:67,,36,-84.0,32.10293474085022,35.20878314332855,707.5299710413922,2017-12-03 08:50:36
52,d0:bf:9c:db:31:30,HP-Print-30-Officejet 7610,6,-73.0,32.104662110475736,35.20981817723731,703.9686724218899,2017-12-03 08:45:15
53,ec:8c:a2:09:93:b8,Ariel_University,11,-90.0,32.10297429619621,35.20769754582129,690.9460551220589,2017-12-03 08:37:45
54,24:79:2a:2b:34:e8,Ariel_University,1,-90.0,32.10507123327566,35.21145722461369,693.5785828198289,2017-12-03 08:40:16
55,1c:b9:c4:95:23:57,,36,-92.0,32.104079300627305,35.20894493919268,693.2106002961864,2017-12-03 08:41:10
56,1c:b9:c4:96:05:77,,36,-90.0,32.10490479074945,35.211247446727874,697.4311692397619,2017-12-03 08:42:59
57,1c:b9:c4:16:05:78,Ariel_University,6,-78.0,32.104538218764056,35.20978327504329,699.3340276153539,2017-12-03 08:45:28
58,1c:b9:c4:15:23:58,Ariel_University,6,-78.0,32.104051165,35.209245190000004,689.0,2017-12-03 08:50:25
59,3c:52:82:ef:d4:56,DIRECT-55-HP DeskJet 3630 series,6,-73.0,32.10214469198605,35.209092070738286,689.1669146640586,2017-12-03 08:41:44
60,e4:95:6e:40:87:1a,OOP_course,1,-20.0,32.10300921,35.2096084,701.0,2017-12-03 09:01:13
61,1c:b9:c4:16:f1:48,Ariel_University,1,-73.0,32.10220711277429,35.2090047452854,689.1669146640586,2017-12-03 08:41:44
62,3c:52:82:ef:d4:52,DIRECT-51-HP DeskJet 3630 series,6,-72.0,32.1036443285623,35.20996056146965,698.479233226837,2017-12-03 08:51:24
63,90:6c:ac:a0:7b:4d,EVE,11,-64.0,32.10461583961367,35.209765986967234,689.0895276097044,2017-12-03 08:40:58
64,1c:b9:c4:96:cd:17,,36,-89.0,32.105448644069995,35.21192983211315,691.5885470680463,2017-12-03 08:39:34
65,1c:b9:c4:96:f1:47,,36,-83.0,32.10215532094677,35.20926006509077,703.336196116465,2017-12-03 08:50:49
66,00:11:6b:11:7e:0c,yosh,1,-87.0,32.104642294117944,35.21062437104601,693.4166644515457,2017-12-03 08:55:45
67,70:5a:0f:57:04:17,DIRECT-B1-HP DeskJet 3830 series,11,-84.0,32.10474846,35.21005988,687.0,2017-12-03 08:45:10
68,8c:0c:90:2e:16:88,Ariel_University,11,-78.0,32.103481938012976,35.209275503804456,695.429939148073,2017-12-03 09:03:09
69,24:79:2a:2b:24:98,Ariel_University,1,-81.0,32.104086771133765,35.21069948347492,696.744565292418,2017-12-03 08:42:32
70,00:27:22:f3:bb:3a,,6,-86.0,32.10353355128237,35.20781291804855,690.5795129917332,2017-12-03 08:38:10
71,1c:b9:c4:14:30:3c,Ariel_University,44,-80.0,32.10303261889668,35.20969811288614,705.8647769533317,2017-12-03 08:55:14
72,84:c9:b2:4a:e7:87,dlink,2,-86.0,32.1044140461797,35.20788087493433,689.9496964638441,2017-12-03 08:38:22
73,00:8c:54:90:ce:d1,victoria,11,-89.0,32.10251743683182,35.2073387273908,695.5775665899107,2017-12-03 08:37:24
74,1c:b9:c4:16:cd:18,IT-MNG,1,-75.0,32.10576014887555,35.21206399289527,690.460869314654,2017-12-03 08:39:25
75,1c:b9:c4:15:25:4c,Ariel_University,44,-87.0,32.10474846,35.21005988,687.0,2017-12-03 08:45:10
76,f8:e7:1e:33:87:3c,Police_Shomron ,36,-86.0,32.10578181130056,35.21207187967583,690.5323471428377,2017-12-03 08:39:28
77,1c:b9:c4:15:3a:28,Ariel_University,1,-87.0,32.105448644069995,35.21192983211315,691.5885470680463,2017-12-03 08:39:34
78,00:25:86:cc:00:f8,AUC_54_R,5,-74.0,32.10398434094102,35.20828642235602,691.4237420125255,2017-12-03 08:41:16
79,24:79:2a:2b:24:9c,Ariel_University,36,-87.0,32.104065424799884,35.21056380796895,697.5076283965512,2017-12-03 08:42:32
80,1c:b9:c4:94:36:f7,,36,-89.0,32.10421174650141,35.211189336085184,697.9876832678715,2017-12-03 08:42:41
81,8c:0c:90:af:76:53,,6,-90.0,32.105210120790346,35.21178480914369,692.3377115782242,2017-12-03 08:39:49
82,34:0b:01:19:21:42,afikim-wifi,7,-91.0,32.10253330333696,35.20726399020641,699.287760530489,2017-12-03 08:37:10
83,1c:b9:c4:15:25:48,Ariel_University,1,-72.0,32.10469951651665,35.20991429317792,702.0716588184786,2017-12-03 08:45:12
84,1c:b9:c4:16:f1:5c,Ariel_University,52,-77.0,32.10321334379989,35.20970921734608,702.594246423773,2017-12-03 09:00:33
85,1c:b9:c4:16:f1:58,Ariel_University,6,-72.0,32.10300948899487,35.20963486834608,699.3994420948438,2017-12-03 09:00:33
86,1c:b9:c4:15:3a:38,Ariel_University,11,-74.0,32.10200219968475,35.209614307400614,701.4788533495818,2017-12-03 08:50:55
87,48:ee:0c:3e:86:dd,tachlit3,7,-85.0,32.102383542734515,35.2088367634866,689.4879837201058,2017-12-03 08:41:40
88,24:79:2a:2b:34:a8,Ariel_University,11,-92.0,32.105338150765675,35.21187487697705,692.0554072332519,2017-12-03 08:39:37
89,24:c9:a1:36:52:d8,Ariel_University,1,-90.0,32.10481856308317,35.210123150849206,726.1049342872047,2017-12-03 08:53:41
90,f8:e9:03:12:ef:3b,ShapeDo,6,-67.0,32.10456787824365,35.20968245817704,689.7342613927822,2017-12-03 08:40:58
91,f8:e9:03:12:ef:3c,ShapeDo-5GHz,60,-75.0,32.104568012100614,35.209679316065845,689.8684136221324,2017-12-03 08:40:58
92,1c:b9:c4:14:36:f8,Ariel_University,6,-78.0,32.10419388505282,35.21122791619917,695.6783175904187,2017-12-03 08:47:12
93,1c:b9:c4:96:f1:57,,52,-82.0,32.103260452095796,35.20974024367279,703.9055825038959,2017-12-03 08:51:21
94,1c:b9:c4:16:cd:1c,Ariel_University,36,-88.0,32.10578181130056,35.21207187967583,690.5323471428377,2017-12-03 08:39:28
95,00:1a:dd:f4:ef:c4,,1,-87.0,32.10614939016676,35.21138726608906,688.8993666020681,2017-12-03 08:39:13
96,1c:b9:c4:95:3a:37,,44,-87.0,32.10204840896786,35.209305441513706,690.6637923310731,2017-12-03 08:41:47
97,00:1a:dd:f4:ef:c5,Afikim_Wifi,1,-81.0,32.106089276564596,35.21106968179408,688.7624378298848,2017-12-03 08:39:10
98,cc:fa:00:ae:93:46,bezek freeee,6,-86.0,32.10263460161589,35.20757686137406,692.0341048029707,2017-12-03 08:37:36
99,c0:4a:00:71:ee:ee,Onicom,9,-81.0,32.103488096295486,35.209807180370774,699.2249391711212,2017-12-03 08:42:17
100,00:27:22:f3:bb:2b,,6,-85.0,32.104025555169244,35.2096016392575,699.519767795736,2017-12-03 08:51:30
101,70:5a:0f:57:42:43,DIRECT-42-HP DeskJet 3830 series,11,-75.0,32.10447804,35.20959776,687.0,2017-12-03 08:45:19
102,1c:b9:c4:16:f1:4c,Ariel_University,36,-84.0,32.10214478667037,35.20908910369364,689.2517761973079,2017-12-03 08:41:44
103,90:6c:ac:a0:7b:55,EVE,52,-73.0,32.10465583147739,35.209799109729424,721.9074685803262,2017-12-03 08:53:47
104,1c:b9:c4:15:3a:2c,Ariel_University,36,-92.0,32.105338150765675,35.21187487697705,692.0554072332519,2017-12-03 08:39:37
105,c0:bd:d1:d5:8c:55,AndroidAP,6,-80.0,32.10312597,35.20921578,696.5,2017-12-03 08:58:43
106,b2:6c:ac:a0:7b:4d,magneto,11,-63.0,32.10469970388029,35.20991437381792,702.1353665897465,2017-12-03 08:45:12
107,1c:b9:c4:95:ec:37,,36,-79.0,32.102955284348354,35.20967463745281,701.0612920207566,2017-12-03 09:03:53
108,1c:b9:c4:14:2c:3c,Ariel_University,52,-80.0,32.10302392651605,35.209959334447085,695.9571938168848,2017-12-03 08:51:11
109,1c:b9:c4:16:ee:9c,Ariel_University,36,-85.0,32.10259716125353,35.20992068942939,696.4473308693133,2017-12-03 09:08:45
110,ec:8c:a2:26:d2:c8,Ariel_University,11,-90.0,32.104776120091074,35.20916252861589,689.7256468399695,2017-12-03 08:38:49
111,1c:b9:c4:15:34:b8,Ariel_University,6,-92.0,32.10493191549645,35.21025667401684,692.7030958914264,2017-12-03 08:40:49
112,24:79:2a:ac:5b:d7,,36,-82.0,32.10444130085198,35.20944049214144,719.6999289639562,2017-12-03 08:45:24
113,1c:b9:c4:14:30:08,Ariel_University,1,-81.0,32.10498053414769,35.210559310397116,689.7064770867712,2017-12-03 08:40:43
114,ec:8c:a2:88:7b:87,,40,-76.0,32.103587203489745,35.207817343129406,690.5674501131717,2017-12-03 08:38:04
115,ec:8c:a2:09:0c:cc,Ariel_University,44,-80.0,32.10321891949164,35.2077603995489,690.8382411765818,2017-12-03 08:37:52
116,58:70:c6:fb:68:7a,YICarCam_fb687a,5,-88.0,32.104362677361316,35.20927746779735,692.9954485022049,2017-12-03 08:41:04
117,1c:b9:c4:15:fd:e8,IT-MNG,11,-82.0,32.1054937403403,35.21192701959897,691.4990491525514,2017-12-03 08:39:28
118,34:8f:27:20:89:b8,Ariel_University,6,-78.0,32.10429363368066,35.20924901889868,691.9977242511025,2017-12-03 08:50:13
119,1c:b9:c4:16:ee:98,Ariel_University,6,-73.0,32.102970431390666,35.21020348054192,695.4667675021609,2017-12-03 08:51:08
120,1c:b9:c4:15:ed:b8,IT-MNG,1,-82.0,32.10332952201547,35.20976489343931,702.1410008294166,2017-12-03 09:02:57
121,00:1a:dd:f4:ef:04,PEPWAVE_9481,1,-76.0,32.10589172379298,35.21023459417683,688.6002581566134,2017-12-03 08:39:01
122,1c:b9:c4:15:fd:ec,Ariel_University,40,-76.0,32.10533711925973,35.2118598855837,691.9964341016355,2017-12-03 08:39:34
123,1c:b9:c4:12:7c:c8,Ariel_University,11,-65.0,32.10302068122714,35.20878234019998,703.2120549582822,2017-12-03 08:45:54
124,1c:b9:c4:95:fd:47,,36,-87.0,32.10352215895307,35.20985602129289,706.3498349521443,2017-12-03 09:03:15
125,1c:b9:c4:15:36:9c,Ariel_University,36,-82.0,32.10507363838788,35.210893572413184,709.152221390088,2017-12-03 08:40:43
126,b2:6c:ac:a0:7b:55,magneto,52,-73.0,32.10467817424046,35.20981364636564,708.5120395177382,2017-12-03 08:40:55
127,a2:6c:ac:a0:18:29,artsim,6,-75.0,32.10304026,35.209172280000004,689.5,2017-12-03 08:58:13
128,1c:b9:c4:14:2b:88,Ariel_University,11,-72.0,32.10300675878594,35.209655666869004,700.0,2017-12-03 09:02:25
129,1c:b9:c4:12:90:b8,Ariel_University,11,-74.0,32.10273868844679,35.208875697484984,700.5570778881482,2017-12-03 08:45:51
130,fc:3f:db:9c:36:3d,DIRECT-5C-HP DeskJet 3630 series,6,-79.0,32.10206173176158,35.20947285980673,700.4320999806322,2017-12-03 08:46:13
131,1c:b9:c4:14:62:4c,Ariel_University,36,-74.0,32.10457102888188,35.209608501213296,692.8918490649098,2017-12-03 08:40:58
132,1c:b9:c4:16:cd:68,Ariel_University,11,-86.0,32.1044140461797,35.20788087493433,689.9496964638441,2017-12-03 08:38:22
133,b0:48:7a:a1:80:8c,Knoch,4,-86.0,32.10251814263996,35.20734901460898,698.9056862429085,2017-12-03 08:37:15
134,a0:ab:1b:60:b4:ca,036518749,8,-79.0,32.10220589,35.209548500000004,692.5,2017-12-03 08:51:01
135,1c:b9:c4:95:44:87,,36,-86.0,32.104750634791365,35.21122999135554,699.6870730661485,2017-12-03 08:40:40
136,1c:b9:c4:15:3d:58,Ariel_University,11,-69.0,32.10202988101847,35.20957702875317,701.3788014776477,2017-12-03 08:46:16
137,1c:b9:c4:14:30:0c,Ariel_University,36,-85.0,32.10506214894986,35.21071549460977,692.6868607099875,2017-12-03 08:40:43
138,1c:b9:c4:95:1e:67,,36,-89.0,32.10263051540787,35.21002970756891,712.9572535195944,2017-12-03 08:46:31
139,10:be:f5:39:8f:f2,LARISA,3,-86.0,32.10251814263996,35.20734901460898,698.9056862429085,2017-12-03 08:37:15
140,1c:b9:c4:12:90:bc,Ariel_University,40,-77.0,32.10309633501203,35.20864552102475,692.2722169114571,2017-12-03 08:41:28
141,ec:8c:a2:08:79:a8,Ariel_University,6,-74.0,32.10491382296204,35.211288776254904,696.246735109303,2017-12-03 08:44:36
142,e8:94:f6:d5:98:86,TP-LINK_D59886,9,-94.0,32.10225656,35.21001902,692.0,2017-12-03 08:46:27
143,ec:8c:a2:88:78:37,,40,-90.0,32.103323385092075,35.20778662747971,690.7687922307229,2017-12-03 08:37:58
144,1c:b9:c4:16:11:a8,Ariel_University,1,-76.0,32.10277860667275,35.208693680526075,689.9768372817309,2017-12-03 08:46:00
145,1c:b9:c4:96:1d:77,,44,-85.0,32.10377001820289,35.20885655710274,710.364346402885,2017-12-03 08:50:20
146,1c:b9:c4:15:36:98,Ariel_University,1,-81.0,32.10506211253501,35.21102384176,707.0969257981664,2017-12-03 08:44:55
147,1c:b9:c4:14:2b:8c,Ariel_University,44,-90.0,32.103388164157224,35.209780212663475,713.0579802632583,2017-12-03 08:46:43
148,14:ae:db:3a:64:05,tanya,1,-86.0,32.102528187003614,35.20734570155965,700.1622738859833,2017-12-03 08:37:13
149,ec:8c:a2:08:78:cc,Ariel_University,48,-74.0,32.103313748425805,35.20875344832207,711.2859371331249,2017-12-03 08:54:24
150,1c:b9:c4:15:3d:5c,Ariel_University,36,-82.0,32.101993215281134,35.209569911503216,690.6407658565206,2017-12-03 08:41:50
151,00:1a:dd:f5:06:a4,,13,-83.0,32.10593532045871,35.21038076777716,688.6045855255679,2017-12-03 08:39:04
152,24:79:2a:2b:bd:8c,Ariel_University,44,-83.0,32.10379299376427,35.21009379786531,703.0223738791423,2017-12-03 08:42:20
153,00:1a:dd:f5:06:a5,Afikim_Wifi,13,-84.0,32.10593532045871,35.21038076777716,688.6045855255679,2017-12-03 08:39:04
154,00:1a:dd:f5:e9:25,Afikim-73925,1,-58.0,32.10606022015398,35.21093256776517,688.7280169392087,2017-12-03 08:39:07
155,00:1a:dd:f5:e9:24,PEPWAVE_C99D,1,-59.0,32.10599130709257,35.21067407854037,688.697305537084,2017-12-03 08:39:01
156,a4:08:f5:20:72:6a,HOTFiber-3C40,1,-87.0,32.102861507686676,35.2076291986019,691.1036071541976,2017-12-03 08:37:42
157,00:0e:f4:c1:50:14,vladimir,11,-92.0,32.10263460161589,35.20757686137406,692.0341048029708,2017-12-03 08:37:36
158,1c:b9:c4:16:f1:98,Ariel_University,11,-72.0,32.10241426278101,35.208917956727724,691.0815986677769,2017-12-03 08:46:03
159,74:ea:3a:ad:d1:50,TP-LINK_ADD150,4,-71.0,32.10456190386735,35.20964986393054,690.9731389293391,2017-12-03 08:50:04
160,1c:b9:c4:15:3d:68,Ariel_University,6,-78.0,32.10306897568407,35.20992116954822,697.5126561999358,2017-12-03 08:46:48
161,1c:b9:c4:12:7c:cc,Ariel_University,36,-81.0,32.1027523911542,35.208907096190345,692.7219571771868,2017-12-03 08:50:49
162,1c:b9:c4:14:30:38,Ariel_University,1,-65.0,32.102885453821436,35.209715530318185,702.0,2017-12-03 09:03:58
163,a0:4f:d4:3b:e9:01,Lidor a,6,-84.0,32.102528187003614,35.20734570155965,700.1622738859833,2017-12-03 08:37:13
164,ec:8c:a2:09:0c:c8,Ariel_University,1,-86.0,32.10342051137385,35.20780552775216,690.6874448611455,2017-12-03 08:38:04
165,ec:8c:a2:08:90:cc,Ariel_University,36,-87.0,32.10342051137385,35.20780552775216,690.6874448611455,2017-12-03 08:38:04
166,ec:8c:a2:08:79:ac,Ariel_University,36,-83.0,32.10492500759182,35.21127839113247,694.8433061264184,2017-12-03 08:44:48
167,1c:b9:c4:14:33:cc,Ariel_University,48,-78.0,32.10240537799725,35.20927179135266,691.9519507443641,2017-12-03 08:41:34
168,8c:0c:90:6e:16:88,,11,-78.0,32.10404830833277,35.20901582646195,704.8985792334342,2017-12-03 08:50:19
169,ec:8c:a2:89:8c:37,,44,-86.0,32.10371440835981,35.2078263595938,690.4758805974767,2017-12-03 08:38:13
170,00:02:6f:8e:64:67,,1,-87.0,32.10344907131183,35.20923973447799,708.5804377769539,2017-12-03 09:01:13
171,24:79:2a:2c:5b:d8,Ariel_University,1,-79.0,32.10451028123601,35.20956278203328,690.9269777998517,2017-12-03 08:41:01
172,30:b5:c2:b8:40:36,,13,-91.0,32.10494482726751,35.210446896260514,717.6172124232385,2017-12-03 08:49:48
173,ec:8c:a2:26:b0:e8,Ariel_University,6,-81.0,32.103336548885146,35.20879859139285,689.5897399154546,2017-12-03 08:46:00
174,90:6c:ac:9f:f1:c5,CliClap,2,-86.0,32.10432787109739,35.20944039333655,718.4184377798202,2017-12-03 08:45:36
175,00:1a:dd:e3:06:e4,afikim-wifi,1,-53.0,32.102529803081474,35.2073198916877,699.8860444903256,2017-12-03 08:37:10
176,1c:b9:c4:15:43:ec,Ariel_University,36,-86.0,32.10242980563411,35.208947499060585,703.1653776429945,2017-12-03 08:50:49
177,1c:b9:c4:95:ed:47,,44,-87.0,32.104906121909195,35.21135241304572,691.7266026300563,2017-12-03 08:40:34
178,1c:b9:c4:16:f4:2c,Ariel_University,44,-87.0,32.10256320773488,35.20920355827046,702.9965823423263,2017-12-03 08:41:50
179,1c:b9:c4:16:f4:28,Ariel_University,11,-75.0,32.1022129912316,35.209061075421495,690.4342219144884,2017-12-03 08:50:49
180,90:6c:ac:9f:fb:27,Guest,36,-89.0,32.10489300606392,35.20928224839672,690.7435731036957,2017-12-03 08:38:52
181,ec:8c:a2:08:90:c8,Ariel_University,11,-78.0,32.1036008123458,35.20781952974852,690.554277052172,2017-12-03 08:38:07
182,1c:b9:c4:16:11:ac,Ariel_University,44,-83.0,32.102730164401365,35.208700591039346,702.3883024681678,2017-12-03 08:54:29
183,1c:b9:c4:96:28:e7,,36,-72.0,32.103616012610395,35.20876129259736,690.9078519852889,2017-12-03 08:50:23
184,24:79:2a:2c:61:6c,Ariel_University,36,-92.0,32.10413712623305,35.210824460173626,704.7212452331758,2017-12-03 08:51:42
185,00:1a:dd:f4:f5:c4,,13,-87.0,32.105318087420024,35.20982751003385,689.5653714268656,2017-12-03 08:38:22
186,00:1a:dd:f4:f5:c5,Afikim_Wifi,13,-85.0,32.104581436384365,35.20798824471468,689.781770849375,2017-12-03 08:38:22
187,1c:b9:c4:14:2c:18,Ariel_University,1,-75.0,32.10233098111135,35.209415095227364,702.684132397287,2017-12-03 08:51:01
188,ec:8c:a2:08:78:c8,Ariel_University,6,-75.0,32.10259996,35.20952533,697.0,2017-12-03 08:58:43
189,90:6c:ac:9f:fb:1f,Guest,1,-69.0,32.104613272224064,35.20980330643984,687.5609958506224,2017-12-03 08:45:16
190,cc:b2:55:e7:7e:ba,Bezeq-NGN_E77EB9,6,-87.0,32.106181954122206,35.21168763894033,689.1981253462078,2017-12-03 08:39:16
191,40:a5:ef:7a:17:f2,2.4V1,1,-72.0,32.102815905,35.209912175,694.4999999999999,2017-12-03 08:46:48
192,1c:b9:c4:16:04:78,Ariel_University,11,-72.0,32.102066558528264,35.20934858123311,689.8545442024783,2017-12-03 08:41:47
193,9c:d2:1e:04:e6:2c,HP-Print-2c-LaserJet 400 color,6,-91.0,32.10473133,35.21000489,687.0,2017-12-03 08:49:58
194,ec:8c:a2:09:03:38,Ariel_University,1,-71.0,32.10292709715525,35.20767225474287,691.402709822766,2017-12-03 08:37:36
195,30:e1:71:0f:a2:72,DIRECT-71-HP DeskJet 3630 series,6,-76.0,32.10199753792104,35.20969099839242,690.5439399921042,2017-12-03 08:46:21
196,ec:8c:a2:08:94:1c,Ariel_University,44,-63.0,32.10323208238698,35.208783514783484,700.9453196679484,2017-12-03 08:50:35
197,34:8f:27:20:89:bc,Ariel_University,44,-87.0,32.104466966368285,35.20942986183025,692.9030486088649,2017-12-03 08:41:01
198,1c:b9:c4:96:ed:37,,44,-77.0,32.102944479696056,35.20968831872878,698.1641498759643,2017-12-03 08:42:05
199,1c:b9:c4:16:05:3c,Ariel_University,36,-78.0,32.10467929248126,35.209838685184494,690.5617380516484,2017-12-03 08:50:01
200,1c:b9:c4:16:e8:f8,Ariel_University,11,-68.0,32.10420355061739,35.211297129130614,692.4855102897943,2017-12-03 08:47:12
201,14:ae:db:cf:86:f5,Biren2809,11,-91.0,32.103147609584674,35.20814477182254,691.7941043072864,2017-12-03 08:41:22
202,a0:4f:d4:3a:a0:e1,Cellcom-WiFi_0123,11,-89.0,32.102528187003614,35.20734570155965,700.1622738859833,2017-12-03 08:37:13
203,00:27:22:f3:e2:f3,,6,-81.0,32.10588312874967,35.21048312851315,688.6726017808373,2017-12-03 08:38:55
204,1c:b9:c4:15:ed:bc,IT-MNG,48,-85.0,32.1034255,35.20978696,702.0,2017-12-03 09:07:13
205,a0:8c:fd:0a:24:56,DIRECT-13-HP DeskJet 3630 series,6,-76.0,32.10382202974746,35.2095115771483,708.8841350528239,2017-12-03 08:50:12
206,24:79:2a:2c:3d:68,Ariel_University,6,-85.0,32.10331551370329,35.20879511086851,703.3235248272331,2017-12-03 08:45:42
207,1c:b9:c4:16:05:38,Ariel_University,11,-71.0,32.1046619498904,35.209818602134945,703.7393141568109,2017-12-03 08:45:15
208,1c:b9:c4:14:62:48,Ariel_University,11,-69.0,32.104620154852824,35.20976743617015,703.9290355519896,2017-12-03 08:45:16
209,1c:b9:c4:96:2b:e7,,36,-89.0,32.10500618141325,35.21121884301277,710.7756189683926,2017-12-03 08:49:18
210,1c:b9:c4:95:44:57,,44,-75.0,32.10500097336687,35.21047477768118,710.7476613871768,2017-12-03 08:40:46
211,1c:b9:c4:16:e8:fc,Ariel_University,36,-80.0,32.10419269784706,35.211230480522715,695.5248198380144,2017-12-03 08:47:12
212,8c:0c:90:ae:16:83,,11,-79.0,32.10384422836803,35.209149510911104,710.6607536359186,2017-12-03 08:41:19
213,1c:b9:c4:15:34:bc,Ariel_University,36,-90.0,32.1049280958924,35.21028241262848,722.9373547253995,2017-12-03 08:45:06
214,24:79:2a:2c:5b:dc,Ariel_University,36,-78.0,32.10417181276705,35.20976258990924,699.7168358687808,2017-12-03 09:06:35
215,1c:b9:c4:96:06:b7,,48,-71.0,32.10384150408789,35.210188123154516,709.7385161524577,2017-12-03 09:06:35
216,ec:8c:a2:09:03:3c,Ariel_University,44,-77.0,32.10310231558724,35.207698037468575,691.9064470832453,2017-12-03 08:38:13
217,00:1a:dd:f4:fc:64,,1,-87.0,32.106211489963755,35.21194838735254,689.2763252871639,2017-12-03 08:39:19
218,00:1a:dd:f5:e2:e4,,8,-88.0,32.10477722754644,35.21011100590366,713.4887091971899,2017-12-03 08:45:18
219,1c:b9:c4:14:2c:38,Ariel_University,6,-70.0,32.10268885108597,35.20986100665158,697.8099547511312,2017-12-03 09:04:14
220,00:1a:dd:f4:fc:65,Afikim_Wifi,1,-90.0,32.106211489963755,35.21194838735254,689.2763252871639,2017-12-03 08:39:19
221,e6:46:da:e4:84:c0,Aviramf phone,6,-87.0,32.10473074431384,35.20808401590763,689.6319853475801,2017-12-03 08:38:28
222,00:1a:dd:f5:e2:e5,Afikim_Wifi,8,-81.0,32.104736415129324,35.210129713471375,686.4700866948485,2017-12-03 08:45:19
223,1c:b9:c4:95:ed:37,,36,-85.0,32.104180210701166,35.210971616382466,697.8335736441353,2017-12-03 08:42:38
224,10:be:f5:36:02:e2,TOP-SECRET,8,-82.0,32.10614939016676,35.21138726608906,688.8993666020681,2017-12-03 08:39:13
225,d8:fe:e3:03:5a:31,Moria,6,-78.0,32.10253058643105,35.2073073810576,699.7521498395156,2017-12-03 08:37:10
226,1c:b9:c4:95:41:77,,44,-77.0,32.104164383673286,35.2108876496702,704.5435791796842,2017-12-03 08:42:35
227,8c:0c:90:2f:d3:d8,Ariel_University,11,-80.0,32.10414206679038,35.21090761061018,697.8322798666485,2017-12-03 08:47:09
228,1c:b9:c4:96:06:e7,,44,-89.0,32.106129976640474,35.21159973010257,689.0436342811677,2017-12-03 08:39:22
229,1c:b9:c4:16:f4:78,Ariel_University,1,-71.0,32.10271564311577,35.20878085041287,697.5361493912355,2017-12-03 08:50:40
230,00:02:6f:b8:c4:1a,,11,-86.0,32.10398682674761,35.208972184356085,702.3784600290484,2017-12-03 08:41:07
231,1c:b9:c4:15:1b:88,Ariel_University,11,-81.0,32.10206294951591,35.2093505064795,690.8380070121298,2017-12-03 08:41:47
232,1c:b9:c4:15:ed:7c,Ariel_University,60,-83.0,32.10199115789806,35.20958210879809,691.3292746776632,2017-12-03 08:41:50
233,ec:8c:a2:08:7a:1c,Ariel_University,44,-71.0,32.10329263631917,35.20777750756579,690.7896169291741,2017-12-03 08:37:55
234,a0:8c:fd:0a:d5:f5,DIRECT-F4-HP DeskJet 3630 series,6,-70.0,32.10207161865138,35.20935386634195,699.7676469079282,2017-12-03 08:54:41
235,1c:b9:c4:15:41:78,Ariel_University,1,-73.0,32.10419833702193,35.210986982449725,704.1665753293577,2017-12-03 08:42:38
236,1c:b9:c4:16:28:fc,Ariel_University,36,-78.0,32.102421114486646,35.20883636723012,702.4438086280688,2017-12-03 08:41:37
237,f8:a9:d0:66:06:4d,Orange G2_4113,6,-81.0,32.10572050842588,35.2097599664662,688.5550300637956,2017-12-03 08:38:58
238,1c:b9:c4:16:2d:ec,Ariel_University,36,-85.0,32.10493191549645,35.21025667401684,692.7030958914264,2017-12-03 08:40:49
239,00:1a:dd:f5:df:c4,,6,-89.0,32.10494482726751,35.210446896260514,717.6172124232385,2017-12-03 08:49:48
240,00:1a:dd:f5:df:c5,Afikim_Wifi,6,-89.0,32.1048821041244,35.210373607684296,704.0554242419931,2017-12-03 08:49:44
241,1c:b9:c4:95:1b:87,,58,-89.0,32.10204840896786,35.209305441513706,690.6637923310731,2017-12-03 08:41:47
242,ec:8c:a2:09:86:d8,Ariel_University,6,-92.0,32.103323385092075,35.20778662747971,690.7687922307229,2017-12-03 08:37:58
243,1c:b9:c4:16:13:0c,Ariel_University,44,-89.0,32.10332614802254,35.20866418715774,692.4506545358308,2017-12-03 08:41:25
244,1c:b9:c4:96:2d:e7,,36,-83.0,32.10492987261436,35.21027044008996,708.8736268991172,2017-12-03 08:40:49
245,1c:b9:c4:96:f4:77,,36,-84.0,32.1026505087903,35.20799364948932,694.3352890594056,2017-12-03 08:37:21
246,1c:b9:c4:16:2d:e8,Ariel_University,11,-77.0,32.10491260169073,35.210349026361364,689.7147350216162,2017-12-03 08:40:46
247,14:ae:db:43:88:35,BEZEQINT-8831,6,-85.0,32.10251581558651,35.207339181669674,697.993173771496,2017-12-03 08:37:18
248,1c:b9:c4:12:af:7c,Ariel_University,40,-76.0,32.103026081297486,35.209643376784214,698.3932522356129,2017-12-03 08:42:08
249,14:ae:db:32:52:12,surikat,6,-89.0,32.10253330333696,35.20726399020641,699.287760530489,2017-12-03 08:37:10
250,ec:8c:a2:26:d3:68,Ariel_University,11,-58.0,32.10415137924451,35.209110980673664,689.5412518750851,2017-12-03 08:45:28
251,1c:b9:c4:16:06:bc,Ariel_University,48,-67.0,32.10385119884521,35.21021015305129,709.5963842370589,2017-12-03 08:46:55
252,00:1a:2f:7f:6b:70,,13,-76.0,32.105542348097124,35.20945247360889,688.4931300569124,2017-12-03 08:38:49
253,00:0d:f0:3e:fa:ca,Gateway,9,-87.0,32.106089276564596,35.21106968179408,688.7624378298848,2017-12-03 08:39:10
254,1c:b9:c4:95:42:67,,48,-90.0,32.105393533722584,35.21035937704057,690.5277389594698,2017-12-03 08:40:40
255,24:79:2a:2c:61:68,Ariel_University,6,-83.0,32.104047109642735,35.21059905198306,696.7270599946687,2017-12-03 08:42:32
256,1c:b9:c4:15:41:7c,Ariel_University,44,-78.0,32.10417686625817,35.21111461680166,695.5375506857562,2017-12-03 08:47:12
257,1c:b9:c4:94:33:c7,,48,-83.0,32.10296085254736,35.20883419348608,714.3703447936505,2017-12-03 08:45:57
258,10:be:f5:3b:68:2c,Hagar,11,-87.0,32.102528187003614,35.20734570155965,700.1622738859833,2017-12-03 08:37:13
259,1c:b9:c4:12:af:78,Ariel_University,11,-60.0,32.10297144693287,35.20966730109902,701.5549511682532,2017-12-03 09:00:33
260,62:ab:1b:60:b4:cb,Bezeq Free,8,-79.0,32.10232675509717,35.20943155737777,702.4104236745336,2017-12-03 08:51:01
261,1c:b9:c4:96:28:f7,,36,-82.0,32.10215585651663,35.20925391514313,702.7251217640958,2017-12-03 08:46:13
262,ec:8c:a2:88:7a:17,,44,-71.0,32.10375939005185,35.207824304039484,690.4413487921157,2017-12-03 08:38:22
263,ec:8c:a2:08:7a:18,Ariel_University,1,-71.0,32.10377787980504,35.207825901797214,690.4274628299759,2017-12-03 08:38:22
264,1c:b9:c4:92:af:77,,40,-83.0,32.1031242379023,35.20963378256423,698.5876172610194,2017-12-03 08:42:11
265,1c:b9:c4:16:28:f8,Ariel_University,6,-73.0,32.10250426635929,35.20882039364122,689.847333757979,2017-12-03 08:41:34
266,1c:b9:c4:15:ed:4c,Ariel_University,44,-88.0,32.1048674859546,35.21138014652286,690.8633013150283,2017-12-03 08:47:27
267,1c:b9:c4:16:28:e8,Ariel_University,1,-67.0,32.103619010470936,35.2087666465165,690.7466827856556,2017-12-03 08:41:19
268,1c:b9:c4:15:42:68,Ariel_University,11,-79.0,32.104967234509644,35.21062959880747,691.750223927572,2017-12-03 08:49:52
269,a2:6c:ac:a0:7b:4d,Guest,11,-64.0,32.104637599344294,35.20983313767103,700.4151216577945,2017-12-03 08:50:00
270,1c:b9:c4:16:06:ec,Ariel_University,44,-83.0,32.10604981378468,35.21091908466633,688.7622466266455,2017-12-03 08:39:04
271,1c:b9:c4:96:cc:d7,,36,-89.0,32.10400629568038,35.20897410789561,716.4196812362657,2017-12-03 08:45:33
272,a0:ab:1b:59:55:54,ear,1,-85.0,32.10251814263996,35.20734901460898,698.9056862429085,2017-12-03 08:37:15
273,1c:b9:c4:96:d2:87,,44,-89.0,32.10297429619621,35.20769754582129,690.9460551220589,2017-12-03 08:37:45
274,7e:ff:30:08:7f:bd,SETUP,11,-80.0,32.10241537,35.208865,688.0,2017-12-03 08:46:06
275,a2:6c:ac:a0:7b:55,Guest,52,-73.0,32.10465583147739,35.209799109729424,721.9074685803262,2017-12-03 08:53:47
276,30:e1:71:0f:a2:49,DIRECT-47-HP DeskJet 3630 series,6,-80.0,32.102546716330274,35.20992380194495,693.5302752293578,2017-12-03 08:46:30
277,1c:b9:c4:16:06:e8,Ariel_University,11,-84.0,32.105957374088774,35.21053705619621,688.6747461183817,2017-12-03 08:39:10
278,1c:b9:c4:14:33:c8,Ariel_University,11,-72.0,32.10229239756682,35.20950014742224,692.4931037762769,2017-12-03 08:50:44
279,30:e1:71:0f:b2:6a,DIRECT-69-HP DeskJet 3630 series,6,-93.0,32.10497523,35.21118447,698.0,2017-12-03 08:49:32
280,ec:8c:a2:26:b1:78,Ariel_University,1,-68.0,32.102516839572665,35.2089321641597,710.4275039108425,2017-12-03 08:46:07
281,1c:b9:c4:16:13:08,Ariel_University,11,-80.0,32.10350455340475,35.20879636566938,702.0165985032091,2017-12-03 08:45:42
282,1c:b9:c4:96:13:07,,44,-91.0,32.10332614802254,35.20866418715774,692.4506545358308,2017-12-03 08:41:25
283,1c:b9:c4:15:ed:78,Ariel_University,6,-74.0,32.10202856728935,35.20957633055958,700.9486367397434,2017-12-03 08:46:16
284,1c:b9:c4:16:f4:7c,Ariel_University,36,-78.0,32.102687734739916,35.208184503848486,690.4579072812444,2017-12-03 08:37:33
285,1c:b9:c4:16:28:ec,Ariel_University,36,-70.0,32.10364598001876,35.20877263766031,703.5673114411431,2017-12-03 08:45:39
286,d8:5d:4c:9e:69:22,AUC_4_2_24,1,-75.0,32.103219692704805,35.209279143946596,697.0428198171766,2017-12-03 08:41:31
287,1c:b9:c4:15:3d:6c,Ariel_University,44,-87.0,32.10264502460316,35.20989780624173,696.534177627656,2017-12-03 08:42:02
288,30:e1:71:0d:e0:65,DIRECT-64-HP DeskJet 3630 series,6,-83.0,32.1041214944417,35.2090596741377,704.4001300909755,2017-12-03 08:45:30
289,c2:6c:ac:9f:fb:27,shapedo,36,-89.0,32.10489300606392,35.20928224839672,690.7435731036957,2017-12-03 08:38:52
290,30:e1:71:0d:e0:63,DIRECT-61-HP DeskJet 3630 series,6,-79.0,32.10339058721684,35.209813857278554,700.587486330261,2017-12-03 08:46:48
291,90:6c:ac:a0:60:55,Guest,36,-82.0,32.10465583147739,35.209799109729424,721.9074685803262,2017-12-03 08:53:47
292,a2:6c:ac:a0:3d:eb,giftwizard,3,-72.0,32.10324723106059,35.20942005030724,694.944830210216,2017-12-03 08:58:28
293,30:e1:71:0d:e0:67,DIRECT-66-HP DeskJet 3630 series,6,-83.0,32.10455252,35.2096924,689.0,2017-12-03 08:50:04
294,00:12:2a:39:2c:3c,netbox-550b,1,-86.0,32.10251814263996,35.20734901460898,698.9056862429085,2017-12-03 08:37:15
295,1c:b9:c4:16:d2:88,Ariel_University,11,-77.0,32.103211575470745,35.20899108273204,693.714517605927,2017-12-03 08:57:58
296,1c:b9:c4:14:2f:a8,Ariel_University,1,-87.0,32.105911141007645,35.21043701631979,688.6622483231181,2017-12-03 08:38:58
297,38:a2:8c:02:e7:6e,SAMSONIX ML_003,6,-91.0,32.10500248118355,35.210472263787054,692.7188464192927,2017-12-03 08:40:46
298,00:11:6b:11:02:b7,yosh,1,-84.0,32.10281112,35.209761545,690.9999999999999,2017-12-03 08:51:24
299,ac:83:f3:b2:00:e9,SAMSONIX R500-e-09,1,-84.0,32.10500248118355,35.210472263787054,692.7188464192927,2017-12-03 08:40:46
300,1c:b9:c4:16:cc:d8,Ariel_University,1,-83.0,32.10417409535365,35.20908661069742,691.6582550631985,2017-12-03 08:45:30
301,c2:6c:ac:9f:fb:1f,shapedo,1,-67.0,32.1046128573858,35.209802816739185,687.556159778525,2017-12-03 08:45:16
302,90:6c:ac:a0:60:4d,Guest,1,-72.0,32.10460988511042,35.20972485370393,690.5129235909424,2017-12-03 08:50:01
303,1c:b9:c4:16:cc:dc,Ariel_University,36,-90.0,32.1037453613347,35.208747637130664,692.9018041152,2017-12-03 08:41:16
304,34:8f:27:a0:89:b7,,44,-89.0,32.104466966368285,35.20942986183025,692.9030486088649,2017-12-03 08:41:01
305,24:79:2a:2b:bd:88,Ariel_University,11,-74.0,32.10381502847311,35.21020118216741,704.678528103518,2017-12-03 08:46:56
306,00:25:86:cc:07:b2,KCG_54,2,-87.0,32.10410016147078,35.20842792478725,703.2732684202417,2017-12-03 08:45:33
307,1c:b9:c4:16:d2:8c,Ariel_University,44,-83.0,32.103408049371865,35.20874880696843,703.2652628977845,2017-12-03 08:45:45
308,00:11:6b:2a:90:3c,Cartiheal,11,-73.0,32.10513813392735,35.2098674527794,708.0848461004397,2017-12-03 08:38:58
309,c4:12:f5:fd:6a:74,mati-sh1,9,-85.0,32.10483384066018,35.21004948359021,692.7415284537185,2017-12-03 08:40:52
310,80:37:73:d7:ab:3a,Hoom_2.4,1,-88.0,32.10246378160256,35.207563401001366,694.129943277534,2017-12-03 08:37:30
311,3c:52:82:ef:a4:8b,DIRECT-8A-HP DeskJet 3630 series,6,-80.0,32.10370147014679,35.210076627266055,699.8330275229358,2017-12-03 08:46:56
312,1c:b9:c4:15:20:38,Ariel_University,11,-82.0,32.10476381135935,35.210049231028115,704.8910965625705,2017-12-03 08:49:55
313,1c:b9:c4:15:1b:8c,Ariel_University,58,-87.0,32.10202729086905,35.20947062720154,690.8338172894856,2017-12-03 08:41:47
314,00:11:6b:11:7d:c7,yosh,13,-84.0,32.104972737848364,35.21046718546692,725.5217423822337,2017-12-03 08:45:00
315,ec:9b:f3:26:ab:3a,SGH-I337M,6,-79.0,32.102947913098106,35.20824785791065,692.4730275610293,2017-12-03 08:50:37
316,1c:b9:c4:15:fd:48,Ariel_University,1,-78.0,32.10378736447869,35.209164362953345,693.4681541582149,2017-12-03 08:45:30
317,ec:8c:a2:08:7b:88,Ariel_University,1,-77.0,32.10395115783471,35.20786377093516,690.3267397654319,2017-12-03 08:38:16
318,1c:b9:c4:92:90:b7,,40,-83.0,32.103330772573706,35.20883803242947,714.55149573675,2017-12-03 08:45:48
319,d0:d4:12:68:5b:ca,klyn,1,-95.0,32.1020859,35.20993739,692.0,2017-12-03 08:46:24
320,1c:b9:c4:94:30:07,,36,-84.0,32.10506214894986,35.21071549460977,692.6868607099875,2017-12-03 08:40:43
321,00:27:19:e3:2d:fe,AUC_51_3,1,-86.0,32.10253330333696,35.20726399020641,699.287760530489,2017-12-03 08:37:10
322,1c:b9:c4:96:f1:97,,60,-83.0,32.102229150844984,35.20935543032904,703.3922651046927,2017-12-03 08:50:47
323,ec:8c:a2:08:78:3c,Ariel_University,40,-89.0,32.10317578496331,35.2077533608269,690.8658803245012,2017-12-03 08:37:52
324,00:27:22:f3:bb:86,,6,-81.0,32.10375725007888,35.20784015835278,690.4441102635042,2017-12-03 08:38:10
325,8c:0c:90:2d:75:e8,Ariel_University,1,-76.0,32.10286023021195,35.20878253007026,691.870365061597,2017-12-03 08:45:51
326,14:ae:db:cb:05:f5,Mama,11,-90.0,32.102458386443125,35.20743113335047,694.8881937656644,2017-12-03 08:37:27
327,84:c9:b2:b7:c8:2d,Bezeq,6,-82.0,32.102815905,35.20991217500001,694.5,2017-12-03 08:46:48
328,1c:b9:c4:15:ec:38,Ariel_University,6,-67.0,32.10297643088251,35.20968971787666,699.148659234174,2017-12-03 08:42:08
329,1c:b9:c4:16:1d:78,Ariel_University,1,-76.0,32.103889658433886,35.20955695012066,699.1710909544811,2017-12-03 09:06:31
330,1c:b9:c4:15:1e:6c,Ariel_University,36,-89.0,32.10251278681855,35.20963302577492,693.2846435046687,2017-12-03 08:42:08
331,10:0d:7f:7c:90:0a,Malibu,11,-91.0,32.1020859,35.20993739,692.0,2017-12-03 08:46:24
332,1c:b9:c4:55:fd:e8,Ariel_University,11,-83.0,32.10504116825588,35.211609242065165,691.1970454773144,2017-12-03 08:47:27
333,1c:b9:c4:15:44:5c,Ariel_University,44,-73.0,32.10494770101996,35.21041386215638,713.6322105158978,2017-12-03 08:45:07
334,ec:8c:a2:08:7b:8c,Ariel_University,40,-68.0,32.103844344528824,35.207846892211144,690.394027033202,2017-12-03 08:38:13
335,1c:b9:c4:96:11:a7,,44,-86.0,32.10268330356668,35.20874832953735,712.8739433774451,2017-12-03 08:54:29
336,a0:4f:d4:46:a9:e1,richman,11,-92.0,32.103254567862166,35.20776621667453,690.8153989055744,2017-12-03 08:37:55
337,a2:6c:ac:9f:fb:1f,Neuropplied,1,-69.0,32.104612171474805,35.20980200704755,687.5481636139319,2017-12-03 08:45:16
338,24:79:2a:2c:5c:1c,Ariel_University,36,-76.0,32.103807998636846,35.21015332723746,707.2625708373013,2017-12-03 08:51:30
339,1c:b9:c4:95:3d:57,,36,-82.0,32.1020008074778,35.20968340420071,700.0010789254476,2017-12-03 08:54:47
340,1c:b9:c4:15:1e:68,Ariel_University,1,-81.0,32.10250357629762,35.20998004014784,692.4949605578832,2017-12-03 08:51:04
341,1c:b9:c4:92:7c:c7,,36,-82.0,32.10274526401127,35.208910113578874,692.7253272679154,2017-12-03 08:50:49
342,1c:b9:c4:96:ee:97,,36,-91.0,32.102828942569055,35.20990359456348,712.964955332782,2017-12-03 08:46:34
343,ec:8c:a2:89:03:37,,44,-77.0,32.10309570760303,35.20769665213842,691.9218910832049,2017-12-03 08:38:13
344,1c:b9:c4:16:1d:7c,Ariel_University,44,-82.0,32.10380222483329,35.20943242378063,710.3086401521953,2017-12-03 09:06:43
345,a2:6c:ac:9f:fb:27,Neuropplied,36,-88.0,32.104892803076424,35.20928224656691,690.7444350267791,2017-12-03 08:38:52
346,24:79:2a:2b:07:bc,Ariel_University,36,-87.0,32.10384306889389,35.21017605765788,702.88736051609,2017-12-03 08:42:23
347,24:79:2a:2b:07:b8,Ariel_University,11,-80.0,32.10382642510166,35.21014584498209,703.0284546195098,2017-12-03 08:42:23
348,a0:8c:fd:8c:79:6f,DIRECT-6E-HP DeskJet 3630 series,6,-86.0,32.104510237697276,35.20956264842609,690.9289640836058,2017-12-03 08:41:01
349,3c:1e:04:05:5f:f5,BezeqNGN_009030_2.4GHz_1,1,-92.0,32.10427768945722,35.21140688710281,701.7264123572375,2017-12-03 08:47:15
350,8c:0c:90:2d:34:38,Ariel_University,11,-75.0,32.10407967380457,35.21076700825364,695.5322245322244,2017-12-03 08:47:03
351,24:79:2a:ac:5c:17,,36,-91.0,32.103986543611605,35.21044402294606,705.1048860032018,2017-12-03 08:51:36
352,ec:8c:a2:88:79:a7,,36,-83.0,32.10490479074945,35.211247446727874,697.4311692397619,2017-12-03 08:42:59
353,1c:b9:c4:95:3d:67,,44,-88.0,32.10263051540787,35.21002970756891,712.9572535195944,2017-12-03 08:46:31
354,ec:8c:a2:09:8c:3c,Ariel_University,44,-88.0,32.10353355128237,35.20781291804855,690.5795129917332,2017-12-03 08:38:10
355,90:6c:ac:a0:18:29,Guest,6,-77.0,32.103525250000004,35.209293865,689.25,2017-12-03 08:50:07
356,1c:b9:c4:15:44:88,Ariel_University,6,-72.0,32.10465862547446,35.211310509620446,693.5270072992702,2017-12-03 08:51:54
357,a2:6c:ac:9f:f1:c5,Guest,2,-76.0,32.10435442695987,35.20935854287351,703.3204883399741,2017-12-03 08:45:28
358,90:8d:78:54:6b:4d,Salomon,1,-85.0,32.10460374739836,35.20980756528907,701.4256799553584,2017-12-03 08:49:52
359,a0:8c:fd:8c:c5:b2,DIRECT-98-HP DeskJet 3630 series,6,-92.0,32.10497406,35.2111867,696.0,2017-12-03 08:49:29
360,8c:0c:90:2e:e8:18,Ariel_University,6,-60.0,32.104181494153906,35.211014528433665,702.0689949070339,2017-12-03 08:47:07
361,ec:8c:a2:08:78:38,Ariel_University,1,-81.0,32.103323385092075,35.20778662747971,690.7687922307229,2017-12-03 08:37:58
362,00:27:22:f3:e0:83,,1,-88.0,32.10473074431384,35.20808401590763,689.6319853475801,2017-12-03 08:38:28
363,34:8f:27:20:8c:18,Ariel_University,6,-86.0,32.10327301659931,35.20869587504791,691.6869406238682,2017-12-03 08:45:48
364,1c:b9:c4:94:30:37,,44,-81.0,32.10292495,35.20969313,702.0,2017-12-03 09:03:58
365,ec:8c:a2:0a:08:b8,Ariel_University,6,-89.0,32.10371440835981,35.2078263595938,690.4758805974767,2017-12-03 08:38:13
366,1c:b9:c4:15:44:8c,Ariel_University,36,-87.0,32.10473150718274,35.211193917522,695.551073827083,2017-12-03 08:40:40
367,ec:8c:a2:89:0c:c7,,44,-86.0,32.10342051137385,35.20780552775216,690.6874448611455,2017-12-03 08:38:04
368,60:e3:27:7b:e0:98,HelpDesk,4,-79.0,32.10386712921361,35.21028438100507,702.125054308472,2017-12-03 08:46:58
369,08:ed:b9:3d:8f:4b,HP-Print-4b-LaserJet 400,6,-89.0,32.1049280958924,35.21028241262848,722.9373547253995,2017-12-03 08:45:06
370,10:be:f5:a7:b4:f4,Home,7,-87.0,32.10251814263996,35.20734901460898,698.9056862429085,2017-12-03 08:37:15
371,f0:b0:52:3e:d6:f8,Ariel_University,11,-86.0,32.10473074431384,35.20808401590763,689.6319853475801,2017-12-03 08:38:28
372,24:79:2a:ab:bd:87,,44,-84.0,32.10379296292741,35.2100937127936,703.0188089055944,2017-12-03 08:42:20
373,ec:8c:a2:26:ae:28,Ariel_University,11,-88.0,32.103254567862166,35.20776621667453,690.8153989055744,2017-12-03 08:37:55
374,1c:b9:c4:15:42:6c,Ariel_University,48,-86.0,32.105382326454894,35.210379922222494,690.5953548222516,2017-12-03 08:38:58
375,8c:0c:90:ad:75:e3,,1,-79.0,32.10316859783212,35.208792211676055,703.6473821621249,2017-12-03 08:45:51
376,14:ae:db:4f:50:75,GuyEmily,6,-85.0,32.10219394918968,35.21000358431366,700.9890867525716,2017-12-03 08:54:50
377,ec:8c:a2:09:8c:38,Ariel_University,1,-80.0,32.10353355128237,35.20781291804855,690.5795129917332,2017-12-03 08:38:10
378,1c:b9:c4:94:62:47,,36,-79.0,32.10457102888188,35.209608501213296,692.8918490649098,2017-12-03 08:40:58
379,1c:b9:c4:14:2f:6c,Ariel_University,36,-76.0,32.10277850609338,35.20869108386624,690.0993197057584,2017-12-03 08:46:00
380,18:d6:c7:ad:25:1a,,13,-89.0,32.10494482726751,35.210446896260514,717.6172124232385,2017-12-03 08:49:48
381,c4:12:f5:f6:a0:18,lab_6.1.3,3,-72.0,32.10251231850481,35.209959716104876,696.0861206458877,2017-12-03 08:42:02
382,1c:b9:c4:14:2b:cc,Ariel_University,36,-79.0,32.10506102288778,35.21102244148737,706.260486766136,2017-12-03 08:44:54
383,1c:b9:c4:15:ed:48,Ariel_University,1,-78.0,32.10484798595459,35.21142272652286,690.8633013150281,2017-12-03 08:52:06
384,00:27:22:f3:a6:9a,,6,-85.0,32.1058018469794,35.21010479765049,688.5497026939919,2017-12-03 08:39:07
385,ec:8c:a2:08:77:48,Ariel_University,6,-88.0,32.102861507686676,35.2076291986019,691.1036071541976,2017-12-03 08:37:42
386,1c:b9:c4:16:2b:ec,Ariel_University,36,-91.0,32.105083845149835,35.21105176968496,723.7793960780249,2017-12-03 08:44:54
387,1c:b9:c4:95:36:97,,36,-86.0,32.105028069933155,35.210961717985285,733.9581295039463,2017-12-03 08:53:26
388,ec:8c:a2:88:78:c7,,48,-82.0,32.103330289999995,35.209236385,696.0,2017-12-03 08:58:43
389,1c:b9:c4:15:1c:b8,Ariel_University,1,-75.0,32.10326010579764,35.209758890391434,701.0768094534712,2017-12-03 09:02:40
390,1c:b9:c4:56:cd:18,Ariel_University,1,-75.0,32.105755717208204,35.21206208631172,690.4771826394856,2017-12-03 08:39:25
391,1c:b9:c4:15:ed:3c,Ariel_University,36,-82.0,32.10414685341135,35.210800777058985,704.4425966317007,2017-12-03 08:42:32
392,1c:b9:c4:96:f4:27,,44,-88.0,32.10250943981619,35.20909891571277,691.7725879235369,2017-12-03 08:41:50
393,1c:b9:c4:14:2b:dc,Ariel_University,36,-69.0,32.10217211665523,35.209200688949956,702.4847182733511,2017-12-03 08:41:44
394,ec:8c:a2:08:99:68,Ariel_University,11,-89.0,32.102528187003614,35.20734570155965,700.1622738859833,2017-12-03 08:37:13
395,f8:d1:11:77:77:c6,HelpDesk,4,-70.0,32.10308832913206,35.208644771020595,692.2655769191307,2017-12-03 08:41:28
396,c2:6c:ac:a0:7b:55,outsense,52,-73.0,32.10465354286151,35.20982182569298,706.0752684520025,2017-12-03 08:50:01
397,1c:b9:c4:15:ec:3c,Ariel_University,36,-78.0,32.10291685057535,35.20969645263014,701.0739726027398,2017-12-03 09:03:53
398,1c:b9:c4:16:ed:38,Ariel_University,6,-62.0,32.102912890976924,35.20969262790996,700.9999999999999,2017-12-03 09:00:33
399,08:97:58:32:a6:3e,NIPPON_2516,3,-73.0,32.10572050842588,35.2097599664662,688.5550300637956,2017-12-03 08:38:58
400,1c:b9:c4:16:06:b8,Ariel_University,11,-63.0,32.103842686231495,35.21018026802592,710.2858630861036,2017-12-03 08:55:30
401,24:79:2a:ab:24:97,,36,-86.0,32.10406637837736,35.21063207786472,704.8039142370221,2017-12-03 08:51:39
402,1c:b9:c4:15:fd:4c,Ariel_University,36,-88.0,32.10421194865942,35.20911279003323,704.5209782453427,2017-12-03 08:41:07
403,58:70:c6:00:d0:f1,YICarCam_00d0f1,6,-84.0,32.10577582600903,35.20997089589932,688.5217353450139,2017-12-03 08:38:55
404,1c:b9:c4:96:04:77,,60,-86.0,32.10204989920807,35.20981699968769,691.9252951056196,2017-12-03 08:41:53
405,ec:8c:a2:26:b0:58,Ariel_University,6,-84.0,32.103323385092075,35.20778662747971,690.7687922307229,2017-12-03 08:37:58
406,1c:b9:c4:96:e8:f7,,36,-81.0,32.1041940514202,35.21114059903294,701.4534808441332,2017-12-03 08:47:07
407,8c:0c:90:2f:ca:18,Ariel_University,1,-87.0,32.10386009727099,35.20889523702908,715.6639357440854,2017-12-03 08:45:36
408,b2:6c:ac:a0:18:29,restore,6,-81.0,32.103787136097495,35.20911580024808,687.9518351951255,2017-12-03 08:57:58
409,1c:b9:c4:15:44:58,Ariel_University,11,-67.0,32.10493576707726,35.21044576413008,708.0346282007641,2017-12-03 08:53:35
410,1c:b9:c4:16:2b:e8,Ariel_University,6,-83.0,32.10453015677905,35.209959665293596,690.7292639135236,2017-12-03 08:40:40
411,1c:b9:c4:15:ed:38,Ariel_University,6,-75.0,32.10417638234996,35.21113975129769,698.9394424494598,2017-12-03 08:47:12
412,c2:6c:ac:a0:7b:4d,outsense,11,-63.0,32.104695990835054,35.209969388278346,686.4546391752577,2017-12-03 08:45:10
413,24:79:2a:2c:5c:18,Ariel_University,11,-65.0,32.10381226819673,35.21019627901639,702.2622950819673,2017-12-03 08:46:56
414,1c:b9:c4:94:2c:37,,52,-80.0,32.102731598184796,35.209856140328526,705.0355370083863,2017-12-03 08:55:05
415,b2:6c:ac:9f:f1:c5,paysday,2,-82.0,32.104189038012045,35.209166242472186,718.0640349665068,2017-12-03 08:45:33
416,3c:52:82:ef:c4:3c,DIRECT-3B-HP DeskJet 3630 series,6,-61.0,32.10296307854524,35.20966159179388,701.5541042540443,2017-12-03 09:00:33
417,1c:b9:c4:16:e5:a8,Ariel_University,6,-76.0,32.103483375356575,35.209835025240906,699.5967379545643,2017-12-03 08:46:48
418,1c:b9:c4:16:12:e8,Ariel_University,1,-90.0,32.10358120061593,35.20879532777539,702.3207686528216,2017-12-03 08:45:42
419,ec:8c:a2:88:94:17,,44,-72.0,32.102870759011275,35.20876459357887,690.2253272679154,2017-12-03 08:41:25
420,06:ae:db:3a:64:05,BezeqFree,1,-84.0,32.102458386443125,35.20743113335047,694.8881937656644,2017-12-03 08:37:27
421,1c:b9:c4:16:ed:3c,Ariel_University,44,-71.0,32.102967844522254,35.20966257658926,701.5531820599184,2017-12-03 09:02:19
422,1c:b9:c4:14:36:fc,Ariel_University,36,-84.0,32.10423235881814,35.2111784466841,704.2993113818352,2017-12-03 08:42:38
423,d0:0f:6d:f1:35:2f,Sveta,4,-85.0,32.10251814263996,35.20734901460898,698.9056862429085,2017-12-03 08:37:15
424,ec:8c:a2:88:a9:27,,44,-81.0,32.10377986390148,35.207818162044134,690.4231966047739,2017-12-03 08:38:22
425,ec:8c:a2:08:a9:28,Ariel_University,11,-71.0,32.10343964525814,35.20780117095074,690.6640863513989,2017-12-03 08:37:58
426,1c:b9:c4:15:3a:3c,Ariel_University,44,-82.0,32.102049198139355,35.20957634222167,691.331833645041,2017-12-03 08:41:47
427,b2:6c:ac:a0:3d:eb,sinusafe,3,-72.0,32.103037182467155,35.20922200544526,689.9999999999999,2017-12-03 08:45:30
428,ec:8c:a2:08:a9:2c,Ariel_University,44,-81.0,32.104022465066386,35.20786579674153,690.1661107104795,2017-12-03 08:38:25
429,1c:b9:c4:16:04:7c,Ariel_University,60,-81.0,32.102387876164094,35.20903740018327,701.3708999391388,2017-12-03 08:46:15
430,14:ae:db:58:0d:6d,__ery,11,-91.0,32.10258798763252,35.20759021123835,693.1085203108703,2017-12-03 08:37:33
431,1c:b9:c4:16:ed:48,Ariel_University,6,-81.0,32.10381925496951,35.21037222280892,699.634126394052,2017-12-03 08:47:06
432,00:1a:dd:f4:fc:85,Afikim_Wifi,8,-78.0,32.106211489963755,35.21194838735254,689.2763252871639,2017-12-03 08:39:19
433,ec:8c:a2:08:94:18,Ariel_University,1,-60.0,32.103246905945305,35.208755557443524,692.0487514863258,2017-12-03 08:45:45
434,ec:8c:a2:08:a9:38,Ariel_University,6,-81.0,32.1027696878486,35.207536172161696,695.1730814282531,2017-12-03 08:37:13
435,f8:e7:1e:33:87:38,Police_Shomron ,1,-86.0,32.106211489963755,35.21194838735254,689.2763252871639,2017-12-03 08:39:19
436,00:1a:dd:f4:fc:84,,8,-77.0,32.106211489963755,35.21194838735254,689.2763252871639,2017-12-03 08:39:19
437,ec:8c:a2:88:a9:37,,36,-81.0,32.103254567862166,35.20776621667453,690.8153989055744,2017-12-03 08:37:55
438,a2:6c:ac:a0:60:4d,incentive2,1,-72.0,32.10460788229774,35.20973802125795,689.7647291040788,2017-12-03 08:45:13
439,1c:b9:c4:14:2b:c8,Ariel_University,6,-69.0,32.10506367294511,35.21102584699575,708.2947335777865,2017-12-03 08:44:55
440,b2:6c:ac:9f:fb:1f,iagree,1,-69.0,32.10461482776755,35.209739654174484,690.2103154026798,2017-12-03 08:40:58
441,ec:8c:a2:08:a9:3c,Ariel_University,36,-75.0,32.10294522725105,35.20767327460506,691.0835484362619,2017-12-03 08:37:39
442,1c:b9:c4:14:2f:68,Ariel_University,6,-67.0,32.10259840731249,35.208856153662325,701.3958004483445,2017-12-03 08:46:03
443,1c:b9:c4:16:05:7c,Ariel_University,36,-89.0,32.104874969898276,35.21066696129317,709.6455161399964,2017-12-03 08:42:59
444,1c:b9:c4:94:2b:d7,,36,-78.0,32.10220589,35.209548500000004,692.5,2017-12-03 08:50:47
445,00:1d:aa:81:d8:3c,KCG-ADSL,3,-64.0,32.102829709999995,35.20975063,703.0,2017-12-03 09:04:06
446,1c:b9:c4:95:43:e7,,36,-90.0,32.10199115789806,35.20958210879809,691.3292746776632,2017-12-03 08:41:50
447,a2:6c:ac:a0:60:55,incentive2,36,-82.0,32.104568792116325,35.20969930203204,704.3331469531615,2017-12-03 08:45:16
448,b2:6c:ac:9f:fb:27,iagree,36,-89.0,32.10489300606392,35.20928224839672,690.7435731036957,2017-12-03 08:38:52
449,ec:8c:a2:08:92:48,Ariel_University,6,-85.0,32.10461272357625,35.20792963641949,689.6670161410832,2017-12-03 08:38:25
450,1c:b9:c4:15:23:5c,Ariel_University,36,-91.0,32.104079300627305,35.20894493919268,693.2106002961864,2017-12-03 08:41:10
451,58:70:c6:fb:96:30,YICarCam_fb9630,5,-88.0,32.10473133,35.21000489,687.0,2017-12-03 08:49:58
452,1c:b9:c4:16:e5:ac,Ariel_University,36,-88.0,32.10360554777893,35.20981182556972,696.9845369879256,2017-12-03 08:42:17
453,ec:8c:a2:08:79:88,Ariel_University,1,-88.0,32.10493454942741,35.210993687799785,688.9904963388941,2017-12-03 08:45:01
454,1c:b9:c4:15:43:e8,Ariel_University,1,-75.0,32.10243978901894,35.20890832960873,689.8255693362793,2017-12-03 08:41:34
455,1c:b9:c4:14:2b:d8,Ariel_University,1,-63.0,32.10259996,35.20952533,697.0,2017-12-03 08:58:13
456,ec:8c:a2:08:92:4c,Ariel_University,36,-88.0,32.10461272357625,35.20792963641949,689.6670161410832,2017-12-03 08:38:25
457,c8:be:19:07:77:b9,Bezeq-N_0777b8,11,-88.0,32.10413712623305,35.21082446017363,704.7212452331758,2017-12-03 08:51:42
458,1c:b9:c4:94:2b:c7,,36,-80.0,32.10503628921239,35.21097419861293,704.1768446000658,2017-12-03 08:44:55
459,8c:0c:90:6f:36:58,,1,-74.0,32.10469340203842,35.20992463410953,706.1602376340919,2017-12-03 08:45:13
460,8c:0c:90:2f:36:58,Ariel_University,1,-71.0,32.1047516788576,35.20999987516892,703.7294822388864,2017-12-03 08:45:12
461,90:6c:ac:a0:3d:eb,Guest,3,-73.0,32.1032931814997,35.20950196235548,695.4795746343311,2017-12-03 08:45:30
462,1c:b9:c4:15:1c:bc,Ariel_University,36,-90.0,32.103388164157224,35.209780212663475,713.0579802632583,2017-12-03 08:46:43
463,00:27:19:13:fc:a4,KCG_20,11,-85.0,32.105780737828404,35.21207285063565,690.385079719126,2017-12-03 08:39:25
464,24:79:2a:2b:02:78,Ariel_University,6,-80.0,32.10381301,35.21016707,708.0,2017-12-03 09:06:35
465,1c:b9:c4:94:2f:67,,36,-84.0,32.10293474085022,35.20878314332855,707.5299710413922,2017-12-03 08:50:36
466,d0:bf:9c:db:31:30,HP-Print-30-Officejet 7610,6,-73.0,32.104662110475736,35.20981817723731,703.9686724218899,2017-12-03 08:45:15
467,ec:8c:a2:09:93:b8,Ariel_University,11,-90.0,32.10297429619621,35.20769754582129,690.9460551220589,2017-12-03 08:37:45
468,24:79:2a:2b:34:e8,Ariel_University,1,-90.0,32.10507123327566,35.21145722461369,693.5785828198289,2017-12-03 08:40:16
469,1c:b9:c4:95:23:57,,36,-92.0,32.104079300627305,35.20894493919268,693.2106002961864,2017-12-03 08:41:10
470,1c:b9:c4:96:05:77,,36,-90.0,32.10490479074945,35.211247446727874,697.4311692397619,2017-12-03 08:42:59
471,1c:b9:c4:16:05:78,Ariel_University,6,-78.0,32.10467108376406,35.20999402754329,698.834027615354,2017-12-03 08:49:58
472,1c:b9:c4:15:23:58,Ariel_University,6,-78.0,32.104051165,35.209245190000004,689.0,2017-12-03 08:50:04
473,3c:52:82:ef:d4:56,DIRECT-55-HP DeskJet 3630 series,6,-73.0,32.10214469198605,35.209092070738286,689.1669146640586,2017-12-03 08:41:44
474,e4:95:6e:40:87:1a,OOP_course,1,-20.0,32.10300921,35.2096084,701.0,2017-12-03 09:01:13
475,1c:b9:c4:16:f1:48,Ariel_University,1,-73.0,32.10220711277429,35.2090047452854,689.1669146640586,2017-12-03 08:41:44
476,3c:52:82:ef:d4:52,DIRECT-51-HP DeskJet 3630 series,6,-72.0,32.1036443285623,35.20996056146965,698.479233226837,2017-12-03 08:51:24
477,90:6c:ac:a0:7b:4d,EVE,11,-64.0,32.10465560966182,35.209867160629834,687.7689073968409,2017-12-03 08:45:10
478,1c:b9:c4:96:cd:17,,36,-89.0,32.105448644069995,35.21192983211315,691.5885470680463,2017-12-03 08:39:34
479,1c:b9:c4:96:f1:47,,36,-83.0,32.10215532094677,35.20926006509077,703.336196116465,2017-12-03 08:50:49
480,00:11:6b:11:7e:0c,yosh,1,-87.0,32.104677764338085,35.21048944592496,692.9280266206871,2017-12-03 08:44:58
481,70:5a:0f:57:04:17,DIRECT-B1-HP DeskJet 3830 series,11,-84.0,32.10474846,35.21005988,687.0,2017-12-03 08:45:10
482,8c:0c:90:2e:16:88,Ariel_University,11,-78.0,32.103481938012976,35.209275503804456,695.429939148073,2017-12-03 09:03:09
483,24:79:2a:2b:24:98,Ariel_University,1,-81.0,32.104086771133765,35.21069948347492,696.744565292418,2017-12-03 08:42:32
484,00:27:22:f3:bb:3a,,6,-86.0,32.10353355128237,35.20781291804855,690.5795129917332,2017-12-03 08:38:10
485,1c:b9:c4:14:30:3c,Ariel_University,44,-80.0,32.10303261889668,35.20969811288614,705.8647769533317,2017-12-03 08:55:14
486,84:c9:b2:4a:e7:87,dlink,2,-86.0,32.1044140461797,35.20788087493433,689.9496964638441,2017-12-03 08:38:22
487,00:8c:54:90:ce:d1,victoria,11,-89.0,32.10251743683182,35.2073387273908,695.5775665899107,2017-12-03 08:37:24
488,1c:b9:c4:16:cd:18,IT-MNG,1,-75.0,32.10576014887555,35.21206399289527,690.460869314654,2017-12-03 08:39:25
489,1c:b9:c4:15:25:4c,Ariel_University,44,-87.0,32.10474846,35.21005988,687.0,2017-12-03 08:45:10
490,f8:e7:1e:33:87:3c,Police_Shomron ,36,-86.0,32.10578181130056,35.21207187967583,690.5323471428377,2017-12-03 08:39:28
491,1c:b9:c4:15:3a:28,Ariel_University,1,-87.0,32.105448644069995,35.21192983211315,691.5885470680463,2017-12-03 08:39:34
492,00:25:86:cc:00:f8,AUC_54_R,5,-74.0,32.10398434094102,35.20828642235602,691.4237420125255,2017-12-03 08:41:16
493,24:79:2a:2b:24:9c,Ariel_University,36,-87.0,32.104065424799884,35.21056380796895,697.5076283965512,2017-12-03 08:42:32
494,1c:b9:c4:94:36:f7,,36,-89.0,32.10421174650141,35.211189336085184,697.9876832678715,2017-12-03 08:42:41
495,8c:0c:90:af:76:53,,6,-90.0,32.105210120790346,35.21178480914369,692.3377115782242,2017-12-03 08:39:49
496,34:0b:01:19:21:42,afikim-wifi,7,-91.0,32.10253330333696,35.20726399020641,699.287760530489,2017-12-03 08:37:10
497,1c:b9:c4:15:25:48,Ariel_University,1,-72.0,32.10469951651665,35.20991429317792,702.0716588184786,2017-12-03 08:45:12
498,1c:b9:c4:16:f1:5c,Ariel_University,52,-77.0,32.10321334379989,35.20970921734608,702.594246423773,2017-12-03 09:00:33
499,1c:b9:c4:16:f1:58,Ariel_University,6,-72.0,32.10300948899487,35.20963486834608,699.3994420948438,2017-12-03 09:00:33
500,1c:b9:c4:15:3a:38,Ariel_University,11,-74.0,32.10200219968475,35.209614307400614,701.4788533495818,2017-12-03 08:50:55
501,48:ee:0c:3e:86:dd,tachlit3,7,-85.0,32.102383542734515,35.2088367634866,689.4879837201058,2017-12-03 08:41:40
502,24:79:2a:2b:34:a8,Ariel_University,11,-92.0,32.105338150765675,35.21187487697705,692.0554072332519,2017-12-03 08:39:37
503,24:c9:a1:36:52:d8,Ariel_University,1,-90.0,32.10481856308317,35.210123150849206,726.1049342872047,2017-12-03 08:53:41
504,f8:e9:03:12:ef:3b,ShapeDo,6,-67.0,32.10456787824365,35.20968245817704,689.7342613927822,2017-12-03 08:40:58
505,f8:e9:03:12:ef:3c,ShapeDo-5GHz,60,-75.0,32.104568012100614,35.209679316065845,689.8684136221324,2017-12-03 08:40:58
506,1c:b9:c4:14:36:f8,Ariel_University,6,-78.0,32.10419388505282,35.21122791619917,695.6783175904187,2017-12-03 08:47:12
507,1c:b9:c4:96:f1:57,,52,-82.0,32.103260452095796,35.20974024367279,703.9055825038959,2017-12-03 08:51:21
508,1c:b9:c4:16:cd:1c,Ariel_University,36,-88.0,32.10578181130056,35.21207187967583,690.5323471428377,2017-12-03 08:39:28
509,00:1a:dd:f4:ef:c4,,1,-87.0,32.10614939016676,35.21138726608906,688.8993666020681,2017-12-03 08:39:13
510,1c:b9:c4:95:3a:37,,44,-87.0,32.10204840896786,35.209305441513706,690.6637923310731,2017-12-03 08:41:47
511,00:1a:dd:f4:ef:c5,Afikim_Wifi,1,-81.0,32.106089276564596,35.21106968179408,688.7624378298848,2017-12-03 08:39:10
512,cc:fa:00:ae:93:46,bezek freeee,6,-86.0,32.10263460161589,35.20757686137406,692.0341048029707,2017-12-03 08:37:36
513,c0:4a:00:71:ee:ee,Onicom,9,-81.0,32.103488096295486,35.209807180370774,699.2249391711212,2017-12-03 08:42:17
514,00:27:22:f3:bb:2b,,6,-85.0,32.104025555169244,35.2096016392575,699.519767795736,2017-12-03 08:51:30
515,70:5a:0f:57:42:43,DIRECT-42-HP DeskJet 3830 series,11,-75.0,32.10447804,35.20959776,687.0,2017-12-03 08:45:19
516,1c:b9:c4:16:f1:4c,Ariel_University,36,-84.0,32.10214478667037,35.20908910369364,689.2517761973079,2017-12-03 08:41:44
517,90:6c:ac:a0:7b:55,EVE,52,-73.0,32.10465583147739,35.209799109729424,721.9074685803262,2017-12-03 08:53:47
518,1c:b9:c4:15:3a:2c,Ariel_University,36,-92.0,32.105338150765675,35.21187487697705,692.0554072332519,2017-12-03 08:39:37
519,c0:bd:d1:d5:8c:55,AndroidAP,6,-80.0,32.10312597,35.20921578,696.5,2017-12-03 08:58:43
520,b2:6c:ac:a0:7b:4d,magneto,11,-63.0,32.10469970388029,35.20991437381792,702.1353665897465,2017-12-03 08:45:12
521,1c:b9:c4:95:ec:37,,36,-79.0,32.102955284348354,35.20967463745281,701.0612920207566,2017-12-03 09:03:53
522,1c:b9:c4:14:2c:3c,Ariel_University,52,-80.0,32.10302392651606,35.209959334447085,695.9571938168848,2017-12-03 08:51:34
523,1c:b9:c4:16:ee:9c,Ariel_University,36,-85.0,32.10259716125353,35.20992068942939,696.4473308693133,2017-12-03 09:08:45
524,ec:8c:a2:26:d2:c8,Ariel_University,11,-90.0,32.104776120091074,35.20916252861589,689.7256468399695,2017-12-03 08:38:49
525,1c:b9:c4:15:34:b8,Ariel_University,6,-92.0,32.10493191549645,35.21025667401684,692.7030958914264,2017-12-03 08:40:49
526,24:79:2a:ac:5b:d7,,36,-82.0,32.10444130085198,35.20944049214144,719.6999289639562,2017-12-03 08:45:24
527,1c:b9:c4:14:30:08,Ariel_University,1,-81.0,32.10498053414769,35.210559310397116,689.7064770867712,2017-12-03 08:40:43
528,ec:8c:a2:88:7b:87,,40,-76.0,32.103587203489745,35.207817343129406,690.5674501131717,2017-12-03 08:38:04
529,ec:8c:a2:09:0c:cc,Ariel_University,44,-80.0,32.10321891949164,35.2077603995489,690.8382411765818,2017-12-03 08:37:52
530,58:70:c6:fb:68:7a,YICarCam_fb687a,5,-88.0,32.104362677361316,35.20927746779735,692.9954485022049,2017-12-03 08:41:04
531,1c:b9:c4:15:fd:e8,IT-MNG,11,-82.0,32.1054937403403,35.21192701959897,691.4990491525514,2017-12-03 08:39:28
532,34:8f:27:20:89:b8,Ariel_University,6,-78.0,32.10429363368066,35.20924901889868,691.9977242511025,2017-12-03 08:41:04
533,1c:b9:c4:16:ee:98,Ariel_University,6,-73.0,32.10261570514694,35.20996040076318,693.8547104580814,2017-12-03 08:51:08
534,1c:b9:c4:15:ed:b8,IT-MNG,1,-82.0,32.10332952201547,35.20976489343931,702.1410008294166,2017-12-03 09:02:57
535,00:1a:dd:f4:ef:04,PEPWAVE_9481,1,-76.0,32.10589172379298,35.21023459417683,688.6002581566134,2017-12-03 08:39:01
536,1c:b9:c4:15:fd:ec,Ariel_University,40,-76.0,32.10533711925973,35.2118598855837,691.9964341016355,2017-12-03 08:39:34
537,1c:b9:c4:12:7c:c8,Ariel_University,11,-65.0,32.10302068122714,35.20878234019998,703.2120549582822,2017-12-03 08:45:54
538,1c:b9:c4:95:fd:47,,36,-87.0,32.10352215895307,35.20985602129289,706.3498349521443,2017-12-03 09:03:15
539,1c:b9:c4:15:36:9c,Ariel_University,36,-82.0,32.10507363838788,35.210893572413184,709.152221390088,2017-12-03 08:40:43
540,b2:6c:ac:a0:7b:55,magneto,52,-73.0,32.10467817424046,35.20981364636564,708.5120395177382,2017-12-03 08:40:55
541,a2:6c:ac:a0:18:29,artsim,6,-75.0,32.10304026,35.209172280000004,689.5,2017-12-03 08:57:43
542,1c:b9:c4:14:2b:88,Ariel_University,11,-72.0,32.10300675878594,35.209655666869004,700.0,2017-12-03 09:02:25
543,1c:b9:c4:12:90:b8,Ariel_University,11,-74.0,32.1027437886588,35.20890780086142,700.7289940268076,2017-12-03 08:45:51
544,fc:3f:db:9c:36:3d,DIRECT-5C-HP DeskJet 3630 series,6,-79.0,32.10206173176158,35.20947285980673,700.4320999806322,2017-12-03 08:46:13
545,1c:b9:c4:14:62:4c,Ariel_University,36,-74.0,32.10457102888188,35.209608501213296,692.8918490649098,2017-12-03 08:40:58
546,1c:b9:c4:16:cd:68,Ariel_University,11,-86.0,32.1044140461797,35.20788087493433,689.9496964638441,2017-12-03 08:38:22
547,b0:48:7a:a1:80:8c,Knoch,4,-86.0,32.10251814263996,35.20734901460898,698.9056862429085,2017-12-03 08:37:15
548,a0:ab:1b:60:b4:ca,036518749,8,-79.0,32.10220589,35.209548500000004,692.5,2017-12-03 08:50:47
549,1c:b9:c4:95:44:87,,36,-86.0,32.104750634791365,35.21122999135554,699.6870730661485,2017-12-03 08:40:40
550,1c:b9:c4:15:3d:58,Ariel_University,11,-69.0,32.10202988101847,35.20957702875317,701.3788014776477,2017-12-03 08:46:16
551,1c:b9:c4:14:30:0c,Ariel_University,36,-85.0,32.10506214894986,35.21071549460977,692.6868607099875,2017-12-03 08:40:43
552,1c:b9:c4:95:1e:67,,36,-89.0,32.10263051540787,35.21002970756891,712.9572535195944,2017-12-03 08:46:31
553,10:be:f5:39:8f:f2,LARISA,3,-86.0,32.10251814263996,35.20734901460898,698.9056862429085,2017-12-03 08:37:15
554,1c:b9:c4:12:90:bc,Ariel_University,40,-77.0,32.10309633501203,35.20864552102475,692.2722169114571,2017-12-03 08:41:28
555,ec:8c:a2:08:79:a8,Ariel_University,6,-74.0,32.10491382296204,35.211288776254904,696.246735109303,2017-12-03 08:44:36
556,e8:94:f6:d5:98:86,TP-LINK_D59886,9,-94.0,32.10225656,35.21001902,692.0,2017-12-03 08:46:27
557,ec:8c:a2:88:78:37,,40,-90.0,32.103323385092075,35.20778662747971,690.7687922307229,2017-12-03 08:37:58
558,1c:b9:c4:16:11:a8,Ariel_University,1,-76.0,32.10277860667275,35.208693680526075,689.9768372817309,2017-12-03 08:46:00
559,1c:b9:c4:96:1d:77,,44,-85.0,32.10377001820289,35.20885655710274,710.364346402885,2017-12-03 08:50:20
560,1c:b9:c4:15:36:98,Ariel_University,1,-81.0,32.10506211253501,35.21102384176,707.0969257981664,2017-12-03 08:44:55
561,1c:b9:c4:14:2b:8c,Ariel_University,44,-90.0,32.103388164157224,35.209780212663475,713.0579802632583,2017-12-03 08:46:43
562,14:ae:db:3a:64:05,tanya,1,-86.0,32.102528187003614,35.20734570155965,700.1622738859833,2017-12-03 08:37:13
563,ec:8c:a2:08:78:cc,Ariel_University,48,-74.0,32.103313748425805,35.20875344832207,711.2859371331249,2017-12-03 08:54:24
564,1c:b9:c4:15:3d:5c,Ariel_University,36,-82.0,32.101993215281134,35.209569911503216,690.6407658565206,2017-12-03 08:41:50
565,00:1a:dd:f5:06:a4,,13,-83.0,32.10593532045871,35.21038076777716,688.6045855255679,2017-12-03 08:39:04
566,24:79:2a:2b:bd:8c,Ariel_University,44,-83.0,32.10379299376427,35.21009379786531,703.0223738791423,2017-12-03 08:42:20
567,00:1a:dd:f5:06:a5,Afikim_Wifi,13,-84.0,32.10593532045871,35.21038076777716,688.6045855255679,2017-12-03 08:39:04
568,00:1a:dd:f5:e9:25,Afikim-73925,1,-58.0,32.10606022015398,35.21093256776517,688.7280169392087,2017-12-03 08:39:07
569,00:1a:dd:f5:e9:24,PEPWAVE_C99D,1,-59.0,32.10599130709257,35.21067407854037,688.697305537084,2017-12-03 08:39:01
570,a4:08:f5:20:72:6a,HOTFiber-3C40,1,-87.0,32.102861507686676,35.2076291986019,691.1036071541976,2017-12-03 08:37:42
571,00:0e:f4:c1:50:14,vladimir,11,-92.0,32.10263460161589,35.20757686137406,692.0341048029708,2017-12-03 08:37:36
572,1c:b9:c4:16:f1:98,Ariel_University,11,-72.0,32.102291676935884,35.20919399309742,691.8009991673606,2017-12-03 08:46:24
573,74:ea:3a:ad:d1:50,TP-LINK_ADD150,4,-71.0,32.10456190386735,35.20964986393054,690.9731389293391,2017-12-03 08:50:04
574,1c:b9:c4:15:3d:68,Ariel_University,6,-78.0,32.1032090236719,35.2101655919577,696.7816404998398,2017-12-03 08:47:06
575,1c:b9:c4:12:7c:cc,Ariel_University,36,-81.0,32.1027523911542,35.208907096190345,692.7219571771868,2017-12-03 08:50:49
576,1c:b9:c4:14:30:38,Ariel_University,1,-65.0,32.102885453821436,35.209715530318185,702.0,2017-12-03 09:03:58
577,a0:4f:d4:3b:e9:01,Lidor a,6,-84.0,32.102528187003614,35.20734570155965,700.1622738859833,2017-12-03 08:37:13
578,ec:8c:a2:09:0c:c8,Ariel_University,1,-86.0,32.10342051137385,35.20780552775216,690.6874448611455,2017-12-03 08:38:04
579,ec:8c:a2:08:90:cc,Ariel_University,36,-87.0,32.10342051137385,35.20780552775216,690.6874448611455,2017-12-03 08:38:04
580,ec:8c:a2:08:79:ac,Ariel_University,36,-83.0,32.10492500759182,35.21127839113247,694.8433061264184,2017-12-03 08:44:48
581,1c:b9:c4:14:33:cc,Ariel_University,48,-78.0,32.10240537799725,35.20927179135266,691.9519507443641,2017-12-03 08:41:34
582,8c:0c:90:6e:16:88,,11,-78.0,32.10404830833277,35.20901582646195,704.8985792334342,2017-12-03 08:50:19
583,ec:8c:a2:89:8c:37,,44,-86.0,32.10371440835981,35.2078263595938,690.4758805974767,2017-12-03 08:38:13
584,00:02:6f:8e:64:67,,1,-87.0,32.10344907131183,35.20923973447799,708.5804377769539,2017-12-03 09:01:13
585,24:79:2a:2c:5b:d8,Ariel_University,1,-79.0,32.10451028123601,35.20956278203328,690.9269777998517,2017-12-03 08:41:01
586,30:b5:c2:b8:40:36,,13,-91.0,32.10494482726751,35.210446896260514,717.6172124232385,2017-12-03 08:49:48
587,ec:8c:a2:26:b0:e8,Ariel_University,6,-81.0,32.103336548885146,35.20879859139285,689.5897399154546,2017-12-03 08:46:00
588,90:6c:ac:9f:f1:c5,CliClap,2,-86.0,32.10432787109739,35.20944039333655,718.4184377798202,2017-12-03 08:45:36
589,00:1a:dd:e3:06:e4,afikim-wifi,1,-53.0,32.102529803081474,35.2073198916877,699.8860444903256,2017-12-03 08:37:10
590,1c:b9:c4:15:43:ec,Ariel_University,36,-86.0,32.10242980563411,35.208947499060585,703.1653776429945,2017-12-03 08:50:49
591,1c:b9:c4:95:ed:47,,44,-87.0,32.104906121909195,35.21135241304572,691.7266026300563,2017-12-03 08:40:34
592,1c:b9:c4:16:f4:2c,Ariel_University,44,-87.0,32.10258187144831,35.20920713563434,708.4578308449899,2017-12-03 08:46:16
593,1c:b9:c4:16:f4:28,Ariel_University,11,-75.0,32.1022129912316,35.209061075421495,690.4342219144884,2017-12-03 08:50:49
594,90:6c:ac:9f:fb:27,Guest,36,-89.0,32.10489300606392,35.20928224839672,690.7435731036957,2017-12-03 08:38:52
595,ec:8c:a2:08:90:c8,Ariel_University,11,-78.0,32.1036008123458,35.20781952974852,690.554277052172,2017-12-03 08:38:07
596,1c:b9:c4:16:11:ac,Ariel_University,44,-83.0,32.102730164401365,35.208700591039346,702.3883024681678,2017-12-03 08:41:34
597,1c:b9:c4:96:28:e7,,36,-72.0,32.103616012610395,35.20876129259736,690.9078519852889,2017-12-03 08:50:23
598,24:79:2a:2c:61:6c,Ariel_University,36,-92.0,32.10413712623305,35.210824460173626,704.7212452331758,2017-12-03 08:51:42
599,00:1a:dd:f4:f5:c4,,13,-87.0,32.105318087420024,35.20982751003385,689.5653714268656,2017-12-03 08:38:22
600,00:1a:dd:f4:f5:c5,Afikim_Wifi,13,-85.0,32.104581436384365,35.20798824471468,689.781770849375,2017-12-03 08:38:22
601,1c:b9:c4:14:2c:18,Ariel_University,1,-75.0,32.10233098111135,35.209415095227364,702.684132397287,2017-12-03 08:51:01
602,ec:8c:a2:08:78:c8,Ariel_University,6,-75.0,32.10259996,35.20952533,697.0000000000001,2017-12-03 08:58:13
603,90:6c:ac:9f:fb:1f,Guest,1,-69.0,32.104613272224064,35.20980330643984,687.5609958506224,2017-12-03 08:45:16
604,cc:b2:55:e7:7e:ba,Bezeq-NGN_E77EB9,6,-87.0,32.106181954122206,35.21168763894033,689.1981253462078,2017-12-03 08:39:16
605,40:a5:ef:7a:17:f2,2.4V1,1,-72.0,32.102815905,35.209912175,694.4999999999999,2017-12-03 08:46:24
606,1c:b9:c4:16:04:78,Ariel_University,11,-72.0,32.10206001356334,35.20932829667301,689.776127008394,2017-12-03 08:41:47
607,9c:d2:1e:04:e6:2c,HP-Print-2c-LaserJet 400 color,6,-91.0,32.10473133,35.21000489,687.0,2017-12-03 08:49:58
608,ec:8c:a2:09:03:38,Ariel_University,1,-71.0,32.10292709715525,35.20767225474287,691.402709822766,2017-12-03 08:37:36
609,30:e1:71:0f:a2:72,DIRECT-71-HP DeskJet 3630 series,6,-76.0,32.10199753792104,35.20969099839242,690.5439399921042,2017-12-03 08:46:21
610,ec:8c:a2:08:94:1c,Ariel_University,44,-63.0,32.10323208238698,35.208783514783484,700.9453196679484,2017-12-03 08:50:35
611,34:8f:27:20:89:bc,Ariel_University,44,-87.0,32.104466966368285,35.20942986183025,692.9030486088649,2017-12-03 08:41:01
612,1c:b9:c4:96:ed:37,,44,-77.0,32.102944479696056,35.20968831872878,698.1641498759643,2017-12-03 08:42:05
613,1c:b9:c4:16:05:3c,Ariel_University,36,-78.0,32.10467929248126,35.209838685184494,690.5617380516484,2017-12-03 08:50:01
614,1c:b9:c4:16:e8:f8,Ariel_University,11,-68.0,32.10420355061739,35.211297129130614,692.4855102897943,2017-12-03 08:47:12
615,14:ae:db:cf:86:f5,Biren2809,11,-91.0,32.103147609584674,35.20814477182254,691.7941043072864,2017-12-03 08:41:22
616,a0:4f:d4:3a:a0:e1,Cellcom-WiFi_0123,11,-89.0,32.102528187003614,35.20734570155965,700.1622738859833,2017-12-03 08:37:13
617,00:27:22:f3:e2:f3,,6,-81.0,32.10588312874967,35.21048312851315,688.6726017808373,2017-12-03 08:38:55
618,1c:b9:c4:15:ed:bc,IT-MNG,48,-85.0,32.1034255,35.20978696,702.0,2017-12-03 09:07:13
619,a0:8c:fd:0a:24:56,DIRECT-13-HP DeskJet 3630 series,6,-76.0,32.10382202974746,35.2095115771483,708.8841350528239,2017-12-03 08:50:12
620,24:79:2a:2c:3d:68,Ariel_University,6,-85.0,32.10331551370329,35.20879511086851,703.3235248272331,2017-12-03 08:45:42
621,1c:b9:c4:16:05:38,Ariel_University,11,-71.0,32.1046567607803,35.20984440786545,695.3835432886273,2017-12-03 08:45:13
622,1c:b9:c4:14:62:48,Ariel_University,11,-69.0,32.104620154852824,35.20976743617015,703.9290355519896,2017-12-03 08:45:16
623,1c:b9:c4:96:2b:e7,,36,-89.0,32.10500618141325,35.21121884301277,710.7756189683926,2017-12-03 08:49:18
624,1c:b9:c4:95:44:57,,44,-75.0,32.10500097336687,35.21047477768118,710.7476613871768,2017-12-03 08:40:46
625,1c:b9:c4:16:e8:fc,Ariel_University,36,-80.0,32.10419269784706,35.211230480522715,695.5248198380144,2017-12-03 08:47:12
626,8c:0c:90:ae:16:83,,11,-79.0,32.103887313442534,35.208906579728776,705.8602588498968,2017-12-03 08:41:19
627,1c:b9:c4:15:34:bc,Ariel_University,36,-90.0,32.1049280958924,35.21028241262848,722.9373547253995,2017-12-03 08:45:06
628,24:79:2a:2c:5b:dc,Ariel_University,36,-78.0,32.10417181276705,35.20976258990924,699.7168358687808,2017-12-03 09:06:35
629,1c:b9:c4:96:06:b7,,48,-71.0,32.10384150408789,35.210188123154516,709.7385161524577,2017-12-03 09:06:35
630,ec:8c:a2:09:03:3c,Ariel_University,44,-77.0,32.10310231558724,35.207698037468575,691.9064470832453,2017-12-03 08:38:13
631,00:1a:dd:f4:fc:64,,1,-87.0,32.106211489963755,35.21194838735254,689.2763252871639,2017-12-03 08:39:19
632,00:1a:dd:f5:e2:e4,,8,-88.0,32.10477722754644,35.21011100590366,713.4887091971899,2017-12-03 08:45:18
633,1c:b9:c4:14:2c:38,Ariel_University,6,-70.0,32.10268885108597,35.20986100665158,697.8099547511312,2017-12-03 09:04:14
634,00:1a:dd:f4:fc:65,Afikim_Wifi,1,-90.0,32.106211489963755,35.21194838735254,689.2763252871639,2017-12-03 08:39:19
635,e6:46:da:e4:84:c0,Aviramf phone,6,-87.0,32.10473074431384,35.20808401590763,689.6319853475801,2017-12-03 08:38:28
636,00:1a:dd:f5:e2:e5,Afikim_Wifi,8,-81.0,32.104736415129324,35.210129713471375,686.4700866948485,2017-12-03 08:45:19
637,1c:b9:c4:95:ed:37,,36,-85.0,32.104180210701166,35.210971616382466,697.8335736441353,2017-12-03 08:42:38
638,10:be:f5:36:02:e2,TOP-SECRET,8,-82.0,32.10614939016676,35.21138726608906,688.8993666020681,2017-12-03 08:39:13
639,d8:fe:e3:03:5a:31,Moria,6,-78.0,32.10253058643105,35.2073073810576,699.7521498395156,2017-12-03 08:37:10
640,1c:b9:c4:95:41:77,,44,-77.0,32.104164383673286,35.2108876496702,704.5435791796842,2017-12-03 08:42:35
641,8c:0c:90:2f:d3:d8,Ariel_University,11,-80.0,32.10414206679038,35.21090761061018,697.8322798666485,2017-12-03 08:47:09
642,1c:b9:c4:96:06:e7,,44,-89.0,32.106129976640474,35.21159973010257,689.0436342811677,2017-12-03 08:39:22
643,1c:b9:c4:16:f4:78,Ariel_University,1,-71.0,32.10271564311577,35.208780850412865,697.5361493912355,2017-12-03 08:46:00
644,00:02:6f:b8:c4:1a,,11,-86.0,32.10398682674761,35.208972184356085,702.3784600290484,2017-12-03 08:41:07
645,1c:b9:c4:15:1b:88,Ariel_University,11,-81.0,32.10206294951591,35.2093505064795,690.8380070121298,2017-12-03 08:41:47
646,1c:b9:c4:15:ed:7c,Ariel_University,60,-83.0,32.10199115789806,35.20958210879809,691.3292746776632,2017-12-03 08:41:50
647,ec:8c:a2:08:7a:1c,Ariel_University,44,-71.0,32.10329263631917,35.20777750756579,690.7896169291741,2017-12-03 08:37:55
648,a0:8c:fd:0a:d5:f5,DIRECT-F4-HP DeskJet 3630 series,6,-70.0,32.10207161865138,35.20935386634195,699.7676469079282,2017-12-03 08:54:41
649,1c:b9:c4:15:41:78,Ariel_University,1,-73.0,32.10419833702193,35.210986982449725,704.1665753293577,2017-12-03 08:42:38
650,1c:b9:c4:16:28:fc,Ariel_University,36,-78.0,32.102405180116065,35.208862489067755,707.3753074442442,2017-12-03 08:54:32
651,f8:a9:d0:66:06:4d,Orange G2_4113,6,-81.0,32.10572050842588,35.2097599664662,688.5550300637956,2017-12-03 08:38:58
652,1c:b9:c4:16:2d:ec,Ariel_University,36,-85.0,32.10493191549645,35.21025667401684,692.7030958914264,2017-12-03 08:40:49
653,00:1a:dd:f5:df:c4,,6,-89.0,32.10494482726751,35.210446896260514,717.6172124232385,2017-12-03 08:49:48
654,00:1a:dd:f5:df:c5,Afikim_Wifi,6,-89.0,32.1048821041244,35.210373607684296,704.0554242419931,2017-12-03 08:49:44
655,1c:b9:c4:95:1b:87,,58,-89.0,32.10204840896786,35.209305441513706,690.6637923310731,2017-12-03 08:41:47
656,ec:8c:a2:09:86:d8,Ariel_University,6,-92.0,32.103323385092075,35.20778662747971,690.7687922307229,2017-12-03 08:37:58
657,1c:b9:c4:16:13:0c,Ariel_University,44,-89.0,32.10332614802254,35.20866418715774,692.4506545358308,2017-12-03 08:41:25
658,1c:b9:c4:96:2d:e7,,36,-83.0,32.10492987261436,35.21027044008996,708.8736268991172,2017-12-03 08:40:49
659,1c:b9:c4:96:f4:77,,36,-84.0,32.1026505087903,35.20799364948932,694.3352890594056,2017-12-03 08:37:21
660,1c:b9:c4:16:2d:e8,Ariel_University,11,-77.0,32.10491260169073,35.210349026361364,689.7147350216162,2017-12-03 08:40:46
661,14:ae:db:43:88:35,BEZEQINT-8831,6,-85.0,32.10251581558651,35.207339181669674,697.993173771496,2017-12-03 08:37:18
662,1c:b9:c4:12:af:7c,Ariel_University,40,-76.0,32.103026081297486,35.209643376784214,698.3932522356129,2017-12-03 08:42:08
663,14:ae:db:32:52:12,surikat,6,-89.0,32.10253330333696,35.20726399020641,699.287760530489,2017-12-03 08:37:10
664,ec:8c:a2:26:d3:68,Ariel_University,11,-58.0,32.10415137924451,35.209110980673664,689.5412518750851,2017-12-03 08:45:28
665,1c:b9:c4:16:06:bc,Ariel_University,48,-67.0,32.10385119884521,35.21021015305129,709.5963842370589,2017-12-03 08:46:55
666,00:1a:2f:7f:6b:70,,13,-76.0,32.105542348097124,35.20945247360889,688.4931300569124,2017-12-03 08:38:49
667,00:0d:f0:3e:fa:ca,Gateway,9,-87.0,32.106089276564596,35.21106968179408,688.7624378298848,2017-12-03 08:39:10
668,1c:b9:c4:95:42:67,,48,-90.0,32.105393533722584,35.21035937704057,690.5277389594698,2017-12-03 08:40:40
669,24:79:2a:2c:61:68,Ariel_University,6,-83.0,32.104047109642735,35.21059905198306,696.7270599946687,2017-12-03 08:42:32
670,1c:b9:c4:15:41:7c,Ariel_University,44,-78.0,32.10417686625817,35.21111461680166,695.5375506857562,2017-12-03 08:47:12
671,1c:b9:c4:94:33:c7,,48,-83.0,32.10296085254736,35.20883419348608,714.3703447936505,2017-12-03 08:45:57
672,10:be:f5:3b:68:2c,Hagar,11,-87.0,32.102528187003614,35.20734570155965,700.1622738859833,2017-12-03 08:37:13
673,1c:b9:c4:12:af:78,Ariel_University,11,-60.0,32.10297144693287,35.20966730109902,701.5549511682532,2017-12-03 09:00:33
674,62:ab:1b:60:b4:cb,Bezeq Free,8,-79.0,32.10232675509717,35.20943155737777,702.4104236745336,2017-12-03 08:51:01
675,1c:b9:c4:96:28:f7,,36,-82.0,32.10215585651663,35.20925391514313,702.7251217640958,2017-12-03 08:46:13
676,ec:8c:a2:88:7a:17,,44,-71.0,32.10375939005185,35.207824304039484,690.4413487921157,2017-12-03 08:38:22
677,ec:8c:a2:08:7a:18,Ariel_University,1,-71.0,32.10377787980504,35.207825901797214,690.4274628299759,2017-12-03 08:38:22
678,1c:b9:c4:92:af:77,,40,-83.0,32.1031242379023,35.20963378256423,698.5876172610194,2017-12-03 08:42:11
679,1c:b9:c4:16:28:f8,Ariel_University,6,-73.0,32.10250426635929,35.20882039364122,689.847333757979,2017-12-03 08:41:34
680,1c:b9:c4:15:ed:4c,Ariel_University,44,-88.0,32.1048674859546,35.21138014652286,690.8633013150283,2017-12-03 08:47:27
681,1c:b9:c4:16:28:e8,Ariel_University,1,-67.0,32.10364980560992,35.20880150480731,695.9056222764774,2017-12-03 08:45:39
682,1c:b9:c4:15:42:68,Ariel_University,11,-79.0,32.104967234509644,35.21062959880747,691.750223927572,2017-12-03 08:40:40
683,a2:6c:ac:a0:7b:4d,Guest,11,-64.0,32.104637599344294,35.20983313767103,700.4151216577945,2017-12-03 08:50:00
684,1c:b9:c4:16:06:ec,Ariel_University,44,-83.0,32.10604981378468,35.21091908466633,688.7622466266455,2017-12-03 08:39:04
685,1c:b9:c4:96:cc:d7,,36,-89.0,32.10400629568038,35.20897410789561,716.4196812362657,2017-12-03 08:45:33
686,a0:ab:1b:59:55:54,ear,1,-85.0,32.10251814263996,35.20734901460898,698.9056862429085,2017-12-03 08:37:15
687,1c:b9:c4:96:d2:87,,44,-89.0,32.10297429619621,35.20769754582129,690.9460551220589,2017-12-03 08:37:45
688,7e:ff:30:08:7f:bd,SETUP,11,-80.0,32.10241537,35.208865,688.0,2017-12-03 08:46:06
689,a2:6c:ac:a0:7b:55,Guest,52,-73.0,32.10465583147739,35.209799109729424,721.9074685803262,2017-12-03 08:53:47
690,30:e1:71:0f:a2:49,DIRECT-47-HP DeskJet 3630 series,6,-80.0,32.102546716330274,35.20992380194495,693.5302752293578,2017-12-03 08:46:30
691,1c:b9:c4:16:06:e8,Ariel_University,11,-84.0,32.105957374088774,35.21053705619621,688.6747461183817,2017-12-03 08:39:10
692,1c:b9:c4:14:33:c8,Ariel_University,11,-72.0,32.10229239756682,35.20950014742224,692.4931037762769,2017-12-03 08:50:44
693,30:e1:71:0f:b2:6a,DIRECT-69-HP DeskJet 3630 series,6,-93.0,32.10497523,35.21118447,698.0,2017-12-03 08:49:32
694,ec:8c:a2:26:b1:78,Ariel_University,1,-68.0,32.102516839572665,35.2089321641597,710.4275039108425,2017-12-03 08:46:07
695,1c:b9:c4:16:13:08,Ariel_University,11,-80.0,32.10350455340475,35.20879636566938,702.0165985032091,2017-12-03 08:45:42
696,1c:b9:c4:96:13:07,,44,-91.0,32.10332614802254,35.20866418715774,692.4506545358308,2017-12-03 08:41:25
697,1c:b9:c4:15:ed:78,Ariel_University,6,-74.0,32.10202938147219,35.20951830756195,695.2406408073558,2017-12-03 08:46:15
698,1c:b9:c4:16:f4:7c,Ariel_University,36,-78.0,32.102687734739916,35.208184503848486,690.4579072812444,2017-12-03 08:37:33
699,1c:b9:c4:16:28:ec,Ariel_University,36,-70.0,32.10364598001876,35.20877263766031,703.5673114411431,2017-12-03 08:45:39
700,d8:5d:4c:9e:69:22,AUC_4_2_24,1,-75.0,32.103219692704805,35.209279143946596,697.0428198171766,2017-12-03 08:41:31
701,1c:b9:c4:15:3d:6c,Ariel_University,44,-87.0,32.10264502460316,35.20989780624173,696.534177627656,2017-12-03 08:42:02
702,30:e1:71:0d:e0:65,DIRECT-64-HP DeskJet 3630 series,6,-83.0,32.1041214944417,35.2090596741377,704.4001300909755,2017-12-03 08:45:30
703,c2:6c:ac:9f:fb:27,shapedo,36,-89.0,32.10489300606392,35.20928224839672,690.7435731036957,2017-12-03 08:38:52
704,30:e1:71:0d:e0:63,DIRECT-61-HP DeskJet 3630 series,6,-79.0,32.10339058721684,35.209813857278554,700.587486330261,2017-12-03 08:46:48
705,90:6c:ac:a0:60:55,Guest,36,-82.0,32.10465583147739,35.209799109729424,721.9074685803262,2017-12-03 08:53:47
706,a2:6c:ac:a0:3d:eb,giftwizard,3,-72.0,32.10324723106059,35.20942005030724,694.944830210216,2017-12-03 08:58:28
707,30:e1:71:0d:e0:67,DIRECT-66-HP DeskJet 3630 series,6,-83.0,32.10455252,35.2096924,689.0,2017-12-03 08:50:04
708,00:12:2a:39:2c:3c,netbox-550b,1,-86.0,32.10251814263996,35.20734901460898,698.9056862429085,2017-12-03 08:37:15
709,1c:b9:c4:16:d2:88,Ariel_University,11,-77.0,32.10321163469658,35.208756888959456,690.0129026887539,2017-12-03 08:57:58
710,1c:b9:c4:14:2f:a8,Ariel_University,1,-87.0,32.105911141007645,35.21043701631979,688.6622483231181,2017-12-03 08:38:58
711,38:a2:8c:02:e7:6e,SAMSONIX ML_003,6,-91.0,32.10500248118355,35.210472263787054,692.7188464192927,2017-12-03 08:40:46
712,00:11:6b:11:02:b7,yosh,1,-84.0,32.10281112,35.209761545,690.9999999999999,2017-12-03 08:46:18
713,ac:83:f3:b2:00:e9,SAMSONIX R500-e-09,1,-84.0,32.10500248118355,35.210472263787054,692.7188464192927,2017-12-03 08:40:46
714,1c:b9:c4:16:cc:d8,Ariel_University,1,-83.0,32.10417409535365,35.20908661069742,691.6582550631985,2017-12-03 08:45:30
715,c2:6c:ac:9f:fb:1f,shapedo,1,-67.0,32.1046128573858,35.209802816739185,687.556159778525,2017-12-03 08:45:16
716,90:6c:ac:a0:60:4d,Guest,1,-72.0,32.10460988511042,35.20972485370393,690.5129235909424,2017-12-03 08:50:01
717,1c:b9:c4:16:cc:dc,Ariel_University,36,-90.0,32.1037453613347,35.208747637130664,692.9018041152,2017-12-03 08:41:16
718,34:8f:27:a0:89:b7,,44,-89.0,32.104466966368285,35.20942986183025,692.9030486088649,2017-12-03 08:41:01
719,24:79:2a:2b:bd:88,Ariel_University,11,-74.0,32.103836460712,35.21020605674333,702.5563391717357,2017-12-03 08:42:23
720,00:25:86:cc:07:b2,KCG_54,2,-87.0,32.10410016147078,35.20842792478725,703.2732684202417,2017-12-03 08:45:33
721,1c:b9:c4:16:d2:8c,Ariel_University,44,-83.0,32.103408049371865,35.20874880696843,703.2652628977845,2017-12-03 08:45:45
722,00:11:6b:2a:90:3c,Cartiheal,11,-73.0,32.10513813392735,35.2098674527794,708.0848461004397,2017-12-03 08:38:58
723,c4:12:f5:fd:6a:74,mati-sh1,9,-85.0,32.10483384066018,35.21004948359021,692.7415284537185,2017-12-03 08:40:52
724,80:37:73:d7:ab:3a,Hoom_2.4,1,-88.0,32.10246378160256,35.207563401001366,694.129943277534,2017-12-03 08:37:30
725,3c:52:82:ef:a4:8b,DIRECT-8A-HP DeskJet 3630 series,6,-80.0,32.10370147014679,35.210076627266055,699.8330275229358,2017-12-03 08:46:56
726,1c:b9:c4:15:20:38,Ariel_University,11,-82.0,32.10476381135935,35.210049231028115,704.8910965625705,2017-12-03 08:49:55
727,1c:b9:c4:15:1b:8c,Ariel_University,58,-87.0,32.10202729086905,35.20947062720154,690.8338172894856,2017-12-03 08:41:47
728,00:11:6b:11:7d:c7,yosh,13,-84.0,32.104972737848364,35.21046718546692,725.5217423822337,2017-12-03 08:45:00
729,ec:9b:f3:26:ab:3a,SGH-I337M,6,-79.0,32.102947913098106,35.20824785791065,692.4730275610293,2017-12-03 08:37:45
730,1c:b9:c4:15:fd:48,Ariel_University,1,-78.0,32.104019741192694,35.209001647422305,690.5063691683569,2017-12-03 08:45:30
731,ec:8c:a2:08:7b:88,Ariel_University,1,-77.0,32.10395115783471,35.20786377093516,690.3267397654319,2017-12-03 08:38:16
732,1c:b9:c4:92:90:b7,,40,-83.0,32.103330772573706,35.20883803242947,714.55149573675,2017-12-03 08:45:48
733,d0:d4:12:68:5b:ca,klyn,1,-95.0,32.1020859,35.20993739,692.0,2017-12-03 08:46:24
734,1c:b9:c4:94:30:07,,36,-84.0,32.10506214894986,35.21071549460977,692.6868607099875,2017-12-03 08:40:43
735,00:27:19:e3:2d:fe,AUC_51_3,1,-86.0,32.10253330333696,35.20726399020641,699.287760530489,2017-12-03 08:37:10
736,1c:b9:c4:96:f1:97,,60,-83.0,32.10224861126938,35.20910689625578,703.6363135672121,2017-12-03 08:50:47
737,ec:8c:a2:08:78:3c,Ariel_University,40,-89.0,32.10317578496331,35.2077533608269,690.8658803245012,2017-12-03 08:37:52
738,00:27:22:f3:bb:86,,6,-81.0,32.10375725007888,35.20784015835278,690.4441102635042,2017-12-03 08:38:10
739,8c:0c:90:2d:75:e8,Ariel_University,1,-76.0,32.103109056565195,35.20868507499366,691.168087360373,2017-12-03 08:45:51
740,14:ae:db:cb:05:f5,Mama,11,-90.0,32.102458386443125,35.20743113335047,694.8881937656644,2017-12-03 08:37:27
741,84:c9:b2:b7:c8:2d,Bezeq,6,-82.0,32.102815905,35.20991217500001,694.5,2017-12-03 08:46:48
742,1c:b9:c4:15:ec:38,Ariel_University,6,-67.0,32.10297643088251,35.20968971787666,699.148659234174,2017-12-03 08:42:08
743,1c:b9:c4:16:1d:78,Ariel_University,1,-76.0,32.103889658433886,35.20955695012066,699.1710909544811,2017-12-03 09:06:31
744,1c:b9:c4:15:1e:6c,Ariel_University,36,-89.0,32.10251278681855,35.20963302577492,693.2846435046687,2017-12-03 08:42:08
745,10:0d:7f:7c:90:0a,Malibu,11,-91.0,32.1020859,35.20993739,692.0,2017-12-03 08:46:24
746,1c:b9:c4:55:fd:e8,Ariel_University,11,-83.0,32.10504116825588,35.211609242065165,691.1970454773144,2017-12-03 08:47:27
747,1c:b9:c4:15:44:5c,Ariel_University,44,-73.0,32.10492121541195,35.210365013473634,706.4842597140298,2017-12-03 08:45:07
748,ec:8c:a2:08:7b:8c,Ariel_University,40,-68.0,32.103844344528824,35.207846892211144,690.394027033202,2017-12-03 08:38:13
749,1c:b9:c4:96:11:a7,,44,-86.0,32.10268330356668,35.20874832953735,712.8739433774451,2017-12-03 08:54:29
750,a0:4f:d4:46:a9:e1,richman,11,-92.0,32.103254567862166,35.20776621667453,690.8153989055744,2017-12-03 08:37:55
751,a2:6c:ac:9f:fb:1f,Neuropplied,1,-69.0,32.104612171474805,35.20980200704755,687.5481636139319,2017-12-03 08:45:16
752,24:79:2a:2c:5c:1c,Ariel_University,36,-76.0,32.103807998636846,35.21015332723746,707.2625708373013,2017-12-03 08:51:30
753,1c:b9:c4:95:3d:57,,36,-82.0,32.1020008074778,35.20968340420071,700.0010789254476,2017-12-03 08:54:47
754,1c:b9:c4:15:1e:68,Ariel_University,1,-81.0,32.10250357629762,35.20998004014784,692.4949605578832,2017-12-03 08:51:04
755,1c:b9:c4:92:7c:c7,,36,-82.0,32.10274526401127,35.208910113578874,692.7253272679154,2017-12-03 08:41:25
756,1c:b9:c4:96:ee:97,,36,-91.0,32.102828942569055,35.20990359456348,712.964955332782,2017-12-03 08:46:34
757,ec:8c:a2:89:03:37,,44,-77.0,32.10309570760303,35.20769665213842,691.9218910832049,2017-12-03 08:38:13
758,1c:b9:c4:16:1d:7c,Ariel_University,44,-82.0,32.10380222483329,35.20943242378063,710.3086401521953,2017-12-03 09:06:43
759,a2:6c:ac:9f:fb:27,Neuropplied,36,-88.0,32.104892803076424,35.20928224656691,690.7444350267791,2017-12-03 08:38:52
760,24:79:2a:2b:07:bc,Ariel_University,36,-87.0,32.10384306889389,35.21017605765788,702.88736051609,2017-12-03 08:42:23
761,24:79:2a:2b:07:b8,Ariel_University,11,-80.0,32.10380369289028,35.210140674738746,705.2793649244338,2017-12-03 09:06:11
762,a0:8c:fd:8c:79:6f,DIRECT-6E-HP DeskJet 3630 series,6,-86.0,32.104510237697276,35.20956264842609,690.9289640836058,2017-12-03 08:41:01
763,3c:1e:04:05:5f:f5,BezeqNGN_009030_2.4GHz_1,1,-92.0,32.10427768945722,35.21140688710281,701.7264123572375,2017-12-03 08:47:15
764,8c:0c:90:2d:34:38,Ariel_University,11,-75.0,32.10407967380457,35.21076700825364,695.5322245322244,2017-12-03 08:47:03
765,24:79:2a:ac:5c:17,,36,-91.0,32.103986543611605,35.21044402294606,705.1048860032018,2017-12-03 08:51:36
766,ec:8c:a2:88:79:a7,,36,-83.0,32.10490479074945,35.211247446727874,697.4311692397619,2017-12-03 08:42:59
767,1c:b9:c4:95:3d:67,,44,-88.0,32.10263051540787,35.21002970756891,712.9572535195944,2017-12-03 08:46:31
768,ec:8c:a2:09:8c:3c,Ariel_University,44,-88.0,32.10353355128237,35.20781291804855,690.5795129917332,2017-12-03 08:38:10
769,90:6c:ac:a0:18:29,Guest,6,-77.0,32.10319416750001,35.20909495499999,689.25,2017-12-03 08:57:58
770,1c:b9:c4:15:44:88,Ariel_University,6,-72.0,32.10465862547446,35.211310509620446,693.5270072992702,2017-12-03 08:51:54
771,a2:6c:ac:9f:f1:c5,Guest,2,-76.0,32.10435442695987,35.20935854287351,703.3204883399741,2017-12-03 08:45:28
772,90:8d:78:54:6b:4d,Salomon,1,-85.0,32.10460374739836,35.20980756528907,701.4256799553584,2017-12-03 08:49:52
773,a0:8c:fd:8c:c5:b2,DIRECT-98-HP DeskJet 3630 series,6,-92.0,32.10497406,35.2111867,696.0,2017-12-03 08:49:29
774,8c:0c:90:2e:e8:18,Ariel_University,6,-60.0,32.104181494153906,35.211014528433665,702.0689949070339,2017-12-03 08:47:07
775,ec:8c:a2:08:78:38,Ariel_University,1,-81.0,32.103323385092075,35.20778662747971,690.7687922307229,2017-12-03 08:37:58
776,00:27:22:f3:e0:83,,1,-88.0,32.10473074431384,35.20808401590763,689.6319853475801,2017-12-03 08:38:28
777,34:8f:27:20:8c:18,Ariel_University,6,-86.0,32.10327301659931,35.20869587504791,691.6869406238682,2017-12-03 08:45:48
778,1c:b9:c4:94:30:37,,44,-81.0,32.10292495,35.20969313,702.0,2017-12-03 09:03:58
779,ec:8c:a2:0a:08:b8,Ariel_University,6,-89.0,32.10371440835981,35.2078263595938,690.4758805974767,2017-12-03 08:38:13
780,1c:b9:c4:15:44:8c,Ariel_University,36,-87.0,32.10473150718274,35.211193917522,695.551073827083,2017-12-03 08:40:40
781,ec:8c:a2:89:0c:c7,,44,-86.0,32.10342051137385,35.20780552775216,690.6874448611455,2017-12-03 08:38:04
782,60:e3:27:7b:e0:98,HelpDesk,4,-79.0,32.103857202814986,35.21025770423244,704.836567704562,2017-12-03 09:06:23
783,08:ed:b9:3d:8f:4b,HP-Print-4b-LaserJet 400,6,-89.0,32.1049280958924,35.21028241262848,722.9373547253995,2017-12-03 08:45:06
784,10:be:f5:a7:b4:f4,Home,7,-87.0,32.10251814263996,35.20734901460898,698.9056862429085,2017-12-03 08:37:15
785,f0:b0:52:3e:d6:f8,Ariel_University,11,-86.0,32.10473074431384,35.20808401590763,689.6319853475801,2017-12-03 08:38:28
786,24:79:2a:ab:bd:87,,44,-84.0,32.10379296292741,35.2100937127936,703.0188089055944,2017-12-03 08:42:20
787,ec:8c:a2:26:ae:28,Ariel_University,11,-88.0,32.103254567862166,35.20776621667453,690.8153989055744,2017-12-03 08:37:55
788,1c:b9:c4:15:42:6c,Ariel_University,48,-86.0,32.105382326454894,35.210379922222494,690.5953548222516,2017-12-03 08:38:58
789,8c:0c:90:ad:75:e3,,1,-79.0,32.10316859783212,35.208792211676055,703.6473821621249,2017-12-03 08:45:51
790,14:ae:db:4f:50:75,GuyEmily,6,-85.0,32.10219394918968,35.21000358431366,700.9890867525716,2017-12-03 08:54:50
791,ec:8c:a2:09:8c:38,Ariel_University,1,-80.0,32.10353355128237,35.20781291804855,690.5795129917332,2017-12-03 08:38:10
792,1c:b9:c4:94:62:47,,36,-79.0,32.10457102888188,35.209608501213296,692.8918490649098,2017-12-03 08:40:58
793,1c:b9:c4:14:2f:6c,Ariel_University,36,-76.0,32.10277850609338,35.20869108386624,690.0993197057584,2017-12-03 08:46:00
794,18:d6:c7:ad:25:1a,,13,-89.0,32.10494482726751,35.210446896260514,717.6172124232385,2017-12-03 08:49:48
795,c4:12:f5:f6:a0:18,lab_6.1.3,3,-72.0,32.10251231850481,35.209959716104876,696.0861206458877,2017-12-03 08:42:02
796,1c:b9:c4:14:2b:cc,Ariel_University,36,-79.0,32.10506102288778,35.21102244148737,706.260486766136,2017-12-03 08:44:54
797,1c:b9:c4:15:ed:48,Ariel_University,1,-78.0,32.10484798595459,35.21142272652286,690.8633013150281,2017-12-03 08:40:34
798,00:27:22:f3:a6:9a,,6,-85.0,32.1058018469794,35.21010479765049,688.5497026939919,2017-12-03 08:39:07
799,ec:8c:a2:08:77:48,Ariel_University,6,-88.0,32.102861507686676,35.2076291986019,691.1036071541976,2017-12-03 08:37:42
800,1c:b9:c4:16:2b:ec,Ariel_University,36,-91.0,32.105083845149835,35.21105176968496,723.7793960780249,2017-12-03 08:44:54
801,1c:b9:c4:95:36:97,,36,-86.0,32.105028069933155,35.210961717985285,733.9581295039463,2017-12-03 08:53:26
802,ec:8c:a2:88:78:c7,,48,-82.0,32.103330289999995,35.209236385000004,696.0,2017-12-03 08:57:50
803,1c:b9:c4:15:1c:b8,Ariel_University,1,-75.0,32.10326010579764,35.209758890391434,701.0768094534712,2017-12-03 09:02:40
804,1c:b9:c4:56:cd:18,Ariel_University,1,-75.0,32.105755717208204,35.21206208631172,690.4771826394856,2017-12-03 08:39:25
805,1c:b9:c4:15:ed:3c,Ariel_University,36,-82.0,32.10414685341135,35.210800777058985,704.4425966317007,2017-12-03 08:42:32
806,1c:b9:c4:96:f4:27,,44,-88.0,32.10250943981619,35.20909891571277,691.7725879235369,2017-12-03 08:41:50
807,1c:b9:c4:14:2b:dc,Ariel_University,36,-69.0,32.10214624121909,35.209217491605756,703.0654112905662,2017-12-03 08:41:44
808,ec:8c:a2:08:99:68,Ariel_University,11,-89.0,32.102528187003614,35.20734570155965,700.1622738859833,2017-12-03 08:37:13
809,f8:d1:11:77:77:c6,HelpDesk,4,-70.0,32.10308832913206,35.208644771020595,692.2655769191307,2017-12-03 08:41:28
810,c2:6c:ac:a0:7b:55,outsense,52,-73.0,32.10465354286151,35.20982182569298,706.0752684520025,2017-12-03 08:50:01
811,1c:b9:c4:15:ec:3c,Ariel_University,36,-78.0,32.10291685057535,35.20969645263014,701.0739726027398,2017-12-03 09:03:53
812,1c:b9:c4:16:ed:38,Ariel_University,6,-62.0,32.102912890976924,35.20969262790996,700.9999999999999,2017-12-03 09:00:33
813,08:97:58:32:a6:3e,NIPPON_2516,3,-73.0,32.10572050842588,35.2097599664662,688.5550300637956,2017-12-03 08:38:58
814,1c:b9:c4:16:06:b8,Ariel_University,11,-63.0,32.103842686231495,35.21018026802592,710.2858630861036,2017-12-03 08:55:30
815,24:79:2a:ab:24:97,,36,-86.0,32.10406637837736,35.21063207786472,704.8039142370221,2017-12-03 08:51:39
816,1c:b9:c4:15:fd:4c,Ariel_University,36,-88.0,32.104191084151324,35.20910799687855,710.5043971873813,2017-12-03 08:45:30
817,58:70:c6:00:d0:f1,YICarCam_00d0f1,6,-84.0,32.10577582600903,35.20997089589932,688.5217353450139,2017-12-03 08:38:55
818,1c:b9:c4:96:04:77,,60,-86.0,32.10204989920807,35.20981699968769,691.9252951056196,2017-12-03 08:41:53
819,ec:8c:a2:26:b0:58,Ariel_University,6,-84.0,32.103323385092075,35.20778662747971,690.7687922307229,2017-12-03 08:37:58
820,1c:b9:c4:96:e8:f7,,36,-81.0,32.1041940514202,35.21114059903294,701.4534808441332,2017-12-03 08:47:07
821,8c:0c:90:2f:ca:18,Ariel_University,1,-87.0,32.10386009727099,35.20889523702908,715.6639357440854,2017-12-03 08:45:36
822,b2:6c:ac:a0:18:29,restore,6,-81.0,32.103787136097495,35.20911580024808,687.9518351951255,2017-12-03 08:57:58
823,1c:b9:c4:15:44:58,Ariel_University,11,-67.0,32.10493576707726,35.21044576413008,708.0346282007641,2017-12-03 08:45:04
824,1c:b9:c4:16:2b:e8,Ariel_University,6,-83.0,32.10453015677905,35.209959665293596,690.7292639135236,2017-12-03 08:40:40
825,1c:b9:c4:15:ed:38,Ariel_University,6,-75.0,32.10417638234996,35.21113975129769,698.9394424494598,2017-12-03 08:47:12
826,c2:6c:ac:a0:7b:4d,outsense,11,-63.0,32.104695990835054,35.209969388278346,686.4546391752577,2017-12-03 08:45:10
827,24:79:2a:2c:5c:18,Ariel_University,11,-65.0,32.10388644237706,35.21040822983606,702.0573770491804,2017-12-03 08:47:12
828,1c:b9:c4:94:2c:37,,52,-80.0,32.102731598184796,35.209856140328526,705.0355370083863,2017-12-03 08:55:05